timestamp,status,ch1,ch2,ch3,ch4,ch5,ch6,ch7,ch8,ch9,ch10,ch11,ch12,ch13,ch14,ch15,ch16,ch17,ch18,ch19,ch20,ch21,ch22,ch23,ch24,ch25,ch26,ch27,ch28,ch29,ch30,ch31,ch32,ch33,ch34,ch35,ch36,ch37,ch38,ch39,ch40,ch41,ch42,ch43,ch44,ch45,ch46,ch47,ch48
2025-04-01 16:57:50.51,open,94,146,162,242,230,256,308,264,233,272,267,381,332,370,369,284,222,307,354,379,350,389,357,429,220,324,313,376,275,359,319,270,205,322,317,334,226,386,269,269,228,345,298,336,205,323,236,53
2025-04-01 16:57:50.52,open,99,147,163,247,236,258,309,270,237,274,272,387,339,378,375,291,229,314,362,387,356,396,364,435,226,332,320,384,282,365,324,282,214,332,326,344,236,395,275,278,237,354,306,341,211,328,241,53
2025-04-01 16:57:50.53,open,96,141,156,238,227,251,304,259,227,264,261,377,329,364,361,278,218,303,352,376,345,385,353,425,214,321,309,375,272,356,316,266,203,321,315,333,225,385,267,269,230,348,300,337,206,323,235,46
2025-04-01 16:57:50.54,open,94,145,158,241,230,254,305,261,232,269,266,381,330,366,364,276,221,307,355,379,348,388,355,428,219,326,314,378,274,355,313,257,195,312,304,318,210,369,250,253,213,333,287,323,193,310,224,50
2025-04-01 16:57:50.55,open,107,156,170,254,241,264,314,271,238,275,272,386,335,371,368,286,226,313,362,388,358,397,369,441,238,344,332,395,292,373,331,291,220,338,332,348,240,397,280,282,244,363,317,355,226,344,260,59
2025-04-01 16:57:50.56,open,93,143,159,242,229,254,306,262,230,269,268,382,331,367,365,281,220,306,354,379,347,387,354,425,218,323,312,378,275,358,317,268,206,323,317,333,226,386,267,270,231,349,301,337,206,323,236,47
2025-04-01 16:57:50.57,open,88,132,150,233,221,242,293,254,222,258,256,370,323,361,358,273,213,301,349,374,341,381,349,421,210,316,305,370,266,349,309,257,197,316,312,328,219,379,260,264,225,345,296,332,201,316,228,47
2025-04-01 16:57:50.58,open,110,159,172,254,240,265,316,272,240,280,278,394,343,379,378,299,237,321,370,394,363,400,365,436,230,334,323,387,283,363,322,277,212,331,326,344,235,394,275,278,242,362,315,354,224,341,256,64
2025-04-01 16:57:50.59,open,99,147,162,246,233,256,306,265,234,269,267,380,332,370,368,283,220,306,355,381,350,389,357,429,220,325,315,380,276,358,317,272,207,325,322,338,229,388,269,270,232,350,304,340,209,328,240,50
2025-04-01 16:57:50.60,open,91,140,155,238,227,251,304,260,227,265,264,377,328,364,361,277,216,301,349,373,341,379,347,421,210,314,305,369,265,347,306,254,195,314,310,325,217,377,257,258,221,340,293,328,197,314,227,45
2025-04-01 16:57:50.61,open,104,154,168,253,240,261,313,272,240,276,275,392,341,379,379,297,233,318,368,394,362,401,367,435,229,336,328,392,287,369,326,280,213,331,326,345,236,395,276,277,237,356,308,345,213,332,243,56
2025-04-01 16:57:50.62,open,98,147,163,244,232,256,308,264,232,269,269,385,334,370,367,286,224,309,358,384,350,389,356,429,220,328,317,382,278,360,318,269,205,324,318,336,227,387,270,272,235,354,306,344,216,334,248,52
2025-04-01 16:57:50.63,open,88,136,151,234,224,249,300,257,225,262,260,374,326,362,360,275,214,300,349,376,344,381,351,424,216,323,314,379,275,356,314,260,196,315,309,324,216,376,257,256,217,336,289,326,194,313,226,41
2025-04-01 16:57:50.65,open,101,148,164,247,238,261,313,269,236,274,273,387,337,372,371,288,226,310,359,384,352,389,359,430,222,327,317,382,278,364,322,273,209,328,323,340,233,392,272,272,233,353,305,341,210,326,239,60
2025-04-01 16:57:50.66,open,95,142,159,244,233,256,306,266,234,270,270,384,336,373,373,290,228,314,365,392,360,397,364,434,227,331,321,386,282,364,323,277,212,330,326,341,234,393,274,278,240,357,310,346,215,331,244,53
2025-04-01 16:57:50.67,open,90,138,154,235,223,248,299,256,223,260,259,373,325,361,357,275,214,300,349,374,342,381,349,422,210,315,306,372,267,349,308,253,194,312,308,325,218,380,261,264,225,344,297,334,203,321,233,48
2025-04-01 16:57:50.68,open,97,144,163,245,232,257,309,266,233,269,269,385,334,370,368,285,222,307,356,381,349,388,355,428,219,325,317,381,277,359,317,269,206,325,320,337,229,386,267,269,229,348,301,339,209,325,237,55
2025-04-01 16:57:50.69,open,102,153,165,250,238,261,312,272,237,273,273,387,338,374,372,289,225,310,360,385,353,393,359,432,223,328,319,384,281,363,322,278,211,331,325,343,236,394,276,277,240,358,310,349,218,334,249,56
2025-04-01 16:57:50.70,open,88,137,153,236,227,251,302,261,228,266,266,380,330,366,364,281,218,303,352,377,345,384,352,424,212,316,307,371,267,349,307,256,196,314,310,327,218,378,259,259,222,341,294,332,201,317,230,43
2025-04-01 16:57:50.71,open,94,145,162,245,232,254,308,265,232,269,267,385,334,370,366,284,222,307,357,382,352,389,356,427,218,324,316,381,277,358,317,267,202,322,317,334,226,386,266,266,227,345,299,336,207,325,238,52
2025-04-01 16:57:50.72,open,104,154,171,254,242,265,314,273,239,276,275,392,340,377,374,293,228,313,363,389,356,395,363,435,226,331,322,386,283,365,323,280,212,331,326,340,232,390,269,270,230,350,304,344,217,337,252,58
2025-04-01 16:57:50.74,open,91,143,160,244,229,252,302,261,229,265,261,377,328,366,362,277,216,303,354,379,346,385,353,425,214,321,314,379,275,357,316,266,203,322,317,335,227,388,268,269,229,347,299,335,206,324,235,43
2025-04-01 16:57:50.75,open,91,140,157,241,231,253,304,265,230,267,267,381,333,370,368,284,221,308,357,385,351,390,355,429,214,319,308,373,267,348,306,246,187,306,302,320,212,374,256,257,216,336,289,325,195,314,225,52
2025-04-01 16:57:50.76,open,104,154,169,252,237,258,309,267,233,268,268,386,338,374,373,296,233,320,371,399,368,406,371,441,234,338,329,393,289,370,329,286,217,336,331,350,243,402,283,286,246,365,319,358,229,347,259,58
2025-04-01 16:57:50.77,open,93,140,157,241,232,256,307,264,232,268,268,382,332,368,366,282,219,304,354,380,348,387,356,430,219,324,315,380,277,360,318,270,204,323,319,337,229,389,269,270,229,347,300,340,210,328,240,51
2025-04-01 16:57:50.78,open,81,130,148,234,223,245,297,258,223,259,259,377,328,363,358,276,213,299,348,374,342,381,348,422,208,313,305,372,269,352,312,258,196,315,310,328,220,382,262,264,222,338,291,328,196,314,225,42
2025-04-01 16:57:50.80,open,104,155,171,255,241,265,317,273,241,278,280,398,348,382,380,300,234,318,368,393,360,397,363,434,222,329,320,387,283,366,325,280,212,329,326,345,238,400,281,287,246,365,316,355,225,344,257,62
2025-04-01 16:57:50.81,open,93,144,160,242,232,256,308,264,233,269,269,384,334,372,369,285,222,308,357,384,351,389,356,429,218,324,316,382,277,361,318,269,203,322,318,337,228,390,271,273,230,347,301,339,210,328,241,53
2025-04-01 16:57:50.82,open,91,141,157,241,228,251,304,260,227,264,262,379,330,364,360,275,212,297,347,373,340,380,348,421,208,312,304,370,266,349,309,256,195,313,309,326,218,379,260,261,219,337,291,330,198,318,229,46
2025-04-01 16:57:50.83,open,99,149,168,252,241,264,315,275,242,277,280,398,349,384,380,301,234,318,369,396,363,401,365,437,226,333,324,389,284,366,324,281,212,330,324,341,233,393,273,275,233,351,302,341,212,329,241,59
2025-04-01 16:57:50.84,open,94,140,160,244,234,257,307,266,234,268,268,385,337,374,371,285,222,308,358,387,355,394,360,431,219,322,315,381,277,361,320,270,205,324,320,338,232,394,274,281,238,357,310,351,223,341,253,53
2025-04-01 16:57:50.85,open,90,139,155,239,229,253,304,260,228,265,265,381,332,370,366,279,217,303,354,384,352,392,359,431,215,318,309,374,268,351,309,254,192,310,308,324,217,378,259,262,221,339,291,329,198,316,227,43
2025-04-01 16:57:50.87,open,104,153,166,251,241,262,313,268,236,272,272,389,340,376,373,288,224,309,360,387,355,394,360,434,221,326,319,387,283,365,322,274,206,325,321,338,229,390,272,275,232,348,300,339,209,326,239,59
2025-04-01 16:57:50.88,open,97,144,158,246,237,260,311,270,240,275,277,395,347,384,381,297,230,315,369,395,362,400,364,437,225,330,323,390,286,370,328,281,211,330,325,342,234,397,278,283,237,354,307,344,214,332,245,52
2025-04-01 16:57:50.89,open,86,138,154,238,227,250,304,260,226,262,265,382,334,369,367,278,216,300,350,379,346,385,352,425,210,313,306,373,268,352,311,261,199,318,315,332,224,385,267,271,226,344,296,332,200,318,230,44
2025-04-01 16:57:50.90,open,96,145,161,249,237,259,309,267,234,269,270,390,344,377,373,288,223,310,362,390,357,396,361,432,220,325,318,385,280,364,322,271,205,323,319,337,228,392,271,276,232,348,300,338,209,326,239,56
2025-04-01 16:57:50.91,open,101,155,171,256,243,265,317,273,240,274,276,395,347,382,378,290,226,312,364,393,360,397,362,436,226,333,325,393,286,368,326,280,212,332,328,347,238,400,280,282,238,355,307,346,216,334,249,60
2025-04-01 16:57:50.92,open,89,139,154,240,232,255,306,261,233,267,268,385,338,373,369,278,216,302,354,384,349,387,352,425,211,316,309,378,270,354,313,258,197,316,313,330,221,386,264,267,223,341,294,333,202,322,234,45
2025-04-01 16:57:50.93,open,100,152,164,250,240,262,313,266,238,270,273,392,344,379,376,288,224,309,362,392,357,395,361,433,221,326,319,387,279,362,319,268,204,323,319,336,226,390,269,275,232,349,300,337,206,324,235,52
2025-04-01 16:57:50.95,open,101,153,169,252,241,266,318,268,239,275,278,397,349,382,380,293,229,316,369,397,363,400,364,435,226,333,326,395,288,368,323,272,205,325,322,340,232,396,276,283,241,362,316,359,230,350,264,59
2025-04-01 16:57:50.96,open,94,144,160,244,233,257,309,261,232,266,269,389,342,376,371,284,221,308,361,390,356,394,358,431,219,326,321,390,282,365,321,270,204,324,320,338,227,392,270,275,228,346,298,336,205,323,235,46
2025-04-01 16:57:50.97,open,95,145,161,246,236,261,313,264,236,270,274,393,345,380,377,285,222,307,360,388,352,387,350,424,207,314,306,374,266,349,306,249,190,312,310,329,218,381,259,263,218,336,288,325,194,312,221,51
2025-04-01 16:57:50.98,open,96,145,161,245,237,261,315,268,240,276,284,406,360,394,391,306,241,328,380,409,374,409,371,441,234,341,333,401,292,376,336,290,221,341,338,357,246,410,288,294,249,365,316,353,220,337,248,54
2025-04-01 16:57:50.99,open,100,151,165,249,241,264,315,265,235,270,274,392,346,379,376,286,224,309,364,395,360,397,360,432,221,328,322,389,281,362,319,270,206,328,322,339,229,390,269,274,229,348,300,339,207,325,237,54
2025-04-01 16:57:51.00,open,90,140,155,243,233,256,307,257,229,261,266,384,339,373,369,275,214,302,356,388,353,390,355,426,214,321,317,385,275,358,315,262,201,321,316,333,220,383,261,265,218,337,289,326,193,311,221,39
2025-04-01 16:57:51.01,open,106,158,177,262,253,275,326,276,246,278,285,404,361,393,388,294,232,318,373,405,370,404,368,436,228,337,334,404,293,377,333,289,219,342,338,358,245,409,285,292,244,363,315,354,222,340,252,67
2025-04-01 16:57:51.02,open,96,142,161,247,241,262,314,264,236,267,273,394,352,386,380,287,225,312,366,400,364,400,362,432,221,328,325,394,283,365,321,272,208,330,325,344,230,395,271,277,230,351,302,342,210,329,240,52
2025-04-01 16:57:51.04,open,90,140,157,241,234,258,310,257,228,260,267,387,344,376,371,277,217,304,359,392,355,390,355,425,211,320,317,388,276,358,314,257,197,320,316,334,220,387,265,270,222,342,296,335,203,321,232,47
2025-04-01 16:57:51.05,open,107,158,173,260,253,275,324,275,245,277,284,404,363,395,392,298,233,321,377,410,372,408,368,435,227,334,334,404,291,372,328,276,210,332,328,345,232,395,271,281,232,352,304,342,209,325,237,64
2025-04-01 16:57:51.06,open,93,144,162,246,238,261,315,262,234,267,276,397,353,386,382,288,226,313,369,402,364,398,361,431,223,330,329,397,286,368,324,277,213,339,335,354,241,403,281,289,242,362,313,353,218,335,246,54
2025-04-01 16:57:51.07,open,93,145,162,246,237,259,313,258,229,261,270,392,352,385,380,284,223,309,366,399,360,393,354,422,210,316,316,387,272,354,309,251,195,318,316,336,221,384,259,265,219,339,290,326,192,308,218,46
2025-04-01 16:57:51.08,open,101,153,169,251,245,266,320,264,236,267,277,398,358,389,384,290,227,314,373,408,369,402,364,431,224,331,332,405,288,368,323,271,210,333,329,346,230,393,269,277,230,352,304,342,208,324,236,58
2025-04-01 16:57:51.09,open,104,154,170,256,252,273,325,273,242,274,285,406,365,396,390,297,232,319,379,414,376,409,369,436,227,335,338,413,293,375,329,278,214,338,333,352,234,397,274,282,235,356,308,345,210,326,237,60
2025-04-01 16:57:51.10,open,89,136,156,242,238,260,313,258,230,259,269,388,349,382,377,275,214,300,361,400,359,394,355,424,214,321,326,403,282,362,317,264,204,329,326,344,224,387,262,269,222,345,296,333,197,312,220,43
2025-04-01 16:57:51.11,open,97,145,161,246,243,267,320,262,236,266,277,398,361,393,388,290,225,312,374,414,375,406,364,432,221,330,338,416,291,370,323,270,208,334,333,352,232,396,272,277,230,353,305,344,207,323,234,54
2025-04-01 16:57:51.13,open,101,155,170,258,253,273,325,267,240,268,280,403,366,397,393,292,226,314,380,426,385,412,368,436,227,335,346,428,300,378,329,281,216,342,342,361,240,402,276,284,238,363,316,354,217,331,242,61
2025-04-01 16:57:51.14,open,93,147,161,244,243,265,318,258,230,260,272,397,360,388,379,278,217,304,371,421,377,401,356,425,212,321,334,420,290,366,318,261,203,330,330,349,226,392,266,273,226,353,304,343,205,319,232,51
2025-04-01 16:57:51.15,open,97,147,163,248,244,268,321,260,233,264,278,403,367,395,387,288,224,312,379,428,382,405,361,428,216,324,338,422,292,368,320,265,206,333,335,354,232,394,269,274,228,351,300,335,195,309,215,57
2025-04-01 16:57:51.16,open,101,153,170,253,249,273,325,264,239,269,283,408,372,400,395,294,229,317,386,436,390,412,365,432,222,330,344,427,296,371,322,274,214,345,348,369,250,412,289,298,252,375,326,365,227,342,252,61
2025-04-01 16:57:51.17,open,92,141,158,244,243,266,319,258,230,261,277,403,368,394,387,286,222,309,380,430,384,406,361,428,219,328,341,426,294,368,319,266,206,333,333,352,229,389,266,272,227,352,305,343,205,319,229,50
2025-04-01 16:57:51.18,open,94,147,163,246,245,268,323,259,232,260,276,402,365,390,381,275,211,299,368,419,371,394,349,416,205,312,329,417,285,360,312,250,196,323,325,342,219,380,257,262,216,341,296,331,193,307,218,53
2025-04-01 16:57:51.20,open,99,152,169,256,254,279,333,272,245,275,296,424,387,411,403,304,235,323,396,446,401,421,373,437,233,342,360,447,316,387,337,292,222,350,349,367,243,402,277,284,237,361,313,352,212,328,240,57
2025-04-01 16:57:51.21,open,92,144,161,247,243,265,319,258,230,261,280,414,374,397,389,287,222,312,385,437,389,410,361,427,218,328,345,432,298,370,321,266,206,334,336,354,231,393,268,276,230,355,307,344,204,320,230,53
2025-04-01 16:57:51.22,open,86,137,154,240,238,260,315,251,224,253,273,406,369,392,382,278,215,305,378,433,385,406,360,424,214,323,340,426,291,365,316,258,201,330,329,345,219,381,258,265,219,346,295,330,190,308,217,45
2025-04-01 16:57:51.23,open,104,155,173,258,253,274,326,264,238,268,287,419,380,404,398,293,229,318,392,444,397,418,370,437,232,342,360,443,310,384,333,289,222,352,352,369,246,406,280,289,243,369,318,356,217,332,242,71
2025-04-01 16:57:51.24,open,93,145,161,250,249,269,321,260,235,264,283,416,379,400,394,285,224,314,386,438,393,412,364,429,220,331,348,433,299,371,322,269,210,339,339,357,234,396,272,281,234,359,309,346,206,322,232,55
2025-04-01 16:57:51.25,open,84,138,156,242,241,261,316,254,228,255,275,411,378,396,385,277,216,307,379,433,386,405,357,422,213,322,339,422,290,362,314,257,201,331,331,349,226,388,264,273,227,352,303,338,198,312,219,50
2025-04-01 16:57:51.26,open,106,160,175,261,257,278,332,268,243,269,292,429,394,409,401,294,230,321,396,447,400,419,369,431,225,336,353,436,302,373,324,270,211,339,338,355,232,395,269,278,231,356,308,347,208,323,234,65
2025-04-01 16:57:51.27,open,96,149,166,254,250,272,327,263,237,264,288,425,389,405,397,288,224,315,392,444,399,417,368,432,225,336,356,441,308,380,331,284,220,349,348,366,241,400,275,286,240,364,314,353,213,326,237,56
2025-04-01 16:57:51.28,open,89,141,157,244,244,268,323,257,232,260,283,420,387,401,390,279,214,305,380,434,387,405,354,419,209,320,340,428,294,364,313,254,201,330,329,347,222,380,254,262,218,342,292,330,190,304,214,48
2025-04-01 16:57:51.30,open,93,144,163,251,249,271,325,260,236,262,285,425,397,414,404,290,226,317,395,451,406,425,370,431,222,331,353,440,306,376,325,272,210,340,341,358,233,394,268,281,233,360,309,347,206,321,230,58
2025-04-01 16:57:51.31,open,101,153,170,260,257,278,332,266,242,267,290,428,401,418,410,294,228,318,398,454,410,430,373,436,227,336,359,447,314,380,328,276,214,345,346,365,238,400,273,283,236,364,315,353,212,326,237,65
2025-04-01 16:57:51.32,open,91,142,158,246,242,266,321,253,228,252,277,417,391,406,396,280,218,309,390,446,402,423,365,429,216,329,353,442,308,376,321,261,203,336,338,355,227,390,261,269,221,351,300,338,195,310,218,46
2025-04-01 16:57:51.33,open,98,153,170,259,256,277,333,262,240,263,289,430,404,418,407,290,226,318,404,457,412,436,371,430,222,333,363,450,314,381,325,268,210,341,345,363,234,398,268,278,229,358,308,346,204,321,228,56
2025-04-01 16:57:51.34,open,98,151,165,254,251,276,330,261,241,265,294,433,406,420,410,294,232,324,411,463,418,438,374,434,228,342,371,458,322,388,332,277,217,350,354,371,242,404,276,285,238,368,317,355,214,331,240,58
2025-04-01 16:57:51.35,open,90,141,157,248,245,268,322,256,233,254,282,421,398,413,401,277,218,310,397,452,409,430,364,424,214,326,357,444,308,374,318,259,205,337,341,358,229,390,261,272,227,357,308,345,204,316,226,51
2025-04-01 16:57:51.37,open,94,148,161,250,248,274,326,257,237,259,290,427,403,416,405,284,221,313,399,455,410,432,364,422,215,326,359,448,313,379,322,262,208,338,341,357,226,385,256,263,216,344,292,326,183,293,202,55
2025-04-01 16:57:51.38,open,97,149,163,252,251,277,329,261,242,264,292,427,406,420,412,290,225,314,399,456,413,434,367,425,220,329,363,454,322,390,336,288,225,359,363,381,253,411,282,289,244,369,320,357,217,330,243,62
2025-04-01 16:57:51.39,open,91,146,159,247,242,273,323,254,236,256,285,417,398,414,405,281,218,306,393,452,408,429,363,419,216,321,353,443,308,372,315,257,204,336,339,358,228,386,259,269,226,354,306,342,201,312,222,50
2025-04-01 16:57:51.40,open,92,145,160,248,244,270,320,251,230,249,279,411,392,403,393,266,207,298,384,443,399,421,355,413,206,317,349,440,304,369,310,245,195,328,332,351,220,379,253,258,217,345,297,336,193,303,214,54
2025-04-01 16:57:51.41,open,105,163,173,266,260,290,336,265,250,269,301,437,418,428,420,296,234,325,415,474,430,451,379,433,233,344,377,465,329,392,331,273,216,347,352,371,241,397,269,277,236,364,316,356,212,325,237,69
2025-04-01 16:57:51.42,open,92,146,162,257,248,276,322,254,241,258,293,428,413,422,413,283,222,314,405,462,419,441,368,424,218,331,366,455,319,381,321,261,208,342,347,365,235,394,266,273,229,357,308,346,202,314,225,54
2025-04-01 16:57:51.43,open,89,143,156,255,243,273,316,250,237,254,291,425,413,419,408,277,218,311,404,463,418,440,365,417,211,321,360,449,312,372,313,244,197,330,336,353,220,379,251,259,216,344,297,332,190,300,211,48
2025-04-01 16:57:51.45,open,102,161,173,268,253,283,324,256,244,261,300,436,425,430,417,291,229,321,417,478,436,457,380,428,228,339,378,468,333,393,333,277,220,353,356,374,242,398,271,278,236,363,314,352,210,320,233,65
2025-04-01 16:57:51.46,open,91,149,162,260,248,280,320,251,236,254,296,432,422,427,409,284,219,310,408,473,430,452,371,420,216,326,370,462,326,386,324,261,209,344,347,368,235,389,262,269,228,357,307,344,203,310,225,56
2025-04-01 16:57:51.47,open,82,142,154,250,238,273,310,243,226,242,284,419,417,422,401,274,207,295,395,464,425,451,366,413,206,310,358,456,322,382,320,254,205,339,345,365,230,385,258,261,218,348,294,330,186,293,205,49
2025-04-01 16:57:51.48,open,94,150,162,260,249,285,317,254,235,251,291,425,429,436,414,291,217,304,401,475,438,467,377,425,217,320,366,466,335,395,331,262,212,348,351,372,237,395,267,274,233,367,312,349,204,314,227,67
2025-04-01 16:57:51.49,open,90,147,157,252,243,282,315,252,232,248,288,413,419,429,412,286,213,301,396,472,437,469,384,430,224,327,371,469,340,401,338,274,220,356,357,377,242,400,272,277,239,374,318,357,212,322,234,57
2025-04-01 16:57:51.50,open,91,150,159,256,245,284,321,254,236,246,286,413,424,435,413,277,207,300,396,470,437,472,384,426,211,319,366,465,334,397,331,250,204,345,349,370,228,394,259,266,225,366,310,349,201,316,224,52
2025-04-01 16:57:51.52,open,100,170,169,269,251,293,328,261,274,282,320,446,446,455,433,296,250,354,447,496,460,491,403,442,241,369,408,488,358,418,347,269,227,378,391,401,250,417,275,285,243,397,331,367,212,330,233,61
2025-04-01 16:57:51.53,open,105,171,174,280,254,293,322,261,277,284,326,458,460,461,433,301,261,365,460,511,478,505,412,449,249,380,431,502,378,437,355,278,232,400,428,437,275,442,285,300,248,416,374,398,235,355,251,67
2025-04-01 16:57:51.54,open,94,155,155,256,238,280,307,249,257,267,304,438,446,450,416,291,245,341,441,501,467,498,402,437,235,354,412,491,368,432,348,266,212,366,398,416,258,433,272,284,221,365,338,354,211,331,235,49
2025-04-01 16:57:51.55,open,98,159,155,251,241,284,312,254,253,266,291,412,426,435,410,288,233,314,400,481,444,482,388,427,224,326,378,470,345,400,337,270,208,350,363,392,244,414,272,286,224,346,323,336,208,320,233,57
2025-04-01 16:57:51.56,open,94,160,157,252,244,285,313,259,245,259,286,405,426,435,411,293,230,309,387,474,440,480,387,427,225,318,364,459,340,396,339,280,213,352,353,384,248,417,278,296,230,348,321,333,211,321,236,60
2025-04-01 16:57:51.57,open,91,153,153,253,243,285,310,253,241,256,294,426,437,440,412,283,226,317,415,490,452,484,390,427,224,332,389,477,350,405,338,269,213,358,364,389,245,418,275,293,228,360,323,334,210,325,238,52
2025-04-01 16:57:51.59,open,91,153,157,262,250,289,312,256,242,261,307,446,451,450,416,285,232,332,448,505,469,492,395,428,230,353,421,496,365,416,342,269,214,370,389,398,240,412,265,280,217,366,320,327,197,315,224,58
2025-04-01 16:57:51.60,open,93,154,158,259,249,289,310,258,238,258,305,438,443,435,402,285,228,325,439,500,458,483,387,421,236,357,427,505,370,413,351,293,234,388,405,416,259,427,284,301,250,397,351,361,229,344,256,65
2025-04-01 16:57:51.61,open,87,149,152,249,240,280,304,252,233,252,294,422,430,427,398,277,224,315,422,490,443,469,373,410,220,332,397,476,340,385,326,264,213,363,380,393,243,409,267,283,235,372,333,341,211,322,232,53
2025-04-01 16:57:51.62,open,89,150,151,248,236,274,298,246,226,243,283,408,417,414,386,269,216,305,407,478,433,461,365,405,212,320,382,465,331,375,320,248,201,347,361,378,233,401,260,272,224,353,320,328,200,310,220,53
2025-04-01 16:57:51.63,open,97,158,160,254,242,283,308,258,241,257,297,420,430,429,406,295,237,322,419,493,448,477,381,418,229,331,389,473,341,387,332,270,214,358,364,385,244,410,270,288,240,365,333,348,222,331,244,72
2025-04-01 16:57:51.64,open,86,149,150,244,237,281,306,257,238,252,289,410,425,428,404,281,224,309,404,483,443,476,379,417,219,321,379,470,341,390,332,266,209,355,363,385,241,410,268,284,229,355,323,335,209,321,233,55
2025-04-01 16:57:51.65,open,82,146,149,242,235,279,308,253,233,249,288,413,429,433,407,281,223,309,406,483,444,478,382,417,212,319,378,467,341,394,331,254,202,351,364,386,236,408,264,282,222,356,318,332,202,314,224,50
2025-04-01 16:57:51.66,open,91,155,158,256,244,288,317,262,243,261,302,435,448,453,428,302,242,333,435,507,469,503,406,437,237,350,412,497,371,425,355,288,228,380,399,417,261,434,285,304,242,385,344,357,224,338,245,62
2025-04-01 16:57:51.67,open,92,156,160,260,247,289,318,262,242,259,302,436,448,451,423,292,235,329,435,500,465,497,402,433,230,348,412,492,369,427,352,277,222,378,398,414,258,431,280,299,237,388,342,356,222,340,250,58
2025-04-01 16:57:51.68,open,84,145,153,253,241,284,311,257,237,254,298,430,443,446,418,281,228,326,432,495,459,491,396,427,225,345,410,489,363,420,348,273,219,375,396,409,249,421,268,286,224,376,331,341,204,320,226,47
2025-04-01 16:57:51.69,open,96,160,165,267,251,293,321,267,249,266,310,444,453,454,426,293,237,336,443,505,467,497,401,430,233,353,416,493,366,419,348,280,225,381,403,418,260,432,281,300,238,389,345,356,219,336,242,67
2025-04-01 16:57:51.71,open,91,156,160,258,244,289,317,260,243,261,307,440,449,449,421,295,242,339,445,508,472,500,402,432,236,357,420,496,368,419,350,282,226,381,402,417,260,432,282,304,244,393,349,361,225,339,248,60
2025-04-01 16:57:51.72,open,92,156,158,259,243,283,310,258,239,256,296,425,435,436,410,277,226,321,426,492,452,484,388,421,221,337,398,477,347,398,331,255,208,363,383,399,244,416,267,290,230,375,334,346,210,324,232,55
2025-04-01 16:57:51.73,open,93,155,160,257,245,290,318,261,244,262,304,434,443,444,418,289,235,328,431,499,460,490,394,427,229,345,406,486,360,411,344,273,219,372,392,409,254,425,275,296,236,379,338,351,216,331,238,59
2025-04-01 16:57:51.74,open,93,157,162,259,245,289,319,265,248,264,306,436,445,448,421,295,240,333,435,501,462,494,396,428,232,347,409,489,361,413,347,280,224,377,396,412,258,430,284,304,244,386,345,359,224,340,249,64
2025-04-01 16:57:51.75,open,84,148,152,250,237,282,313,257,238,256,297,426,436,438,414,285,230,324,425,491,452,484,388,421,221,336,396,477,348,401,335,260,210,361,379,396,242,416,268,289,228,370,329,342,208,321,229,48
2025-04-01 16:57:51.77,open,92,156,159,257,243,287,316,260,243,260,302,432,440,441,417,288,235,328,431,496,457,488,392,425,227,344,404,483,354,406,341,273,220,371,386,403,249,421,274,296,235,374,333,344,211,326,238,58
2025-04-01 16:57:51.78,open,96,159,164,265,250,293,320,267,249,266,308,436,445,446,422,292,240,334,437,502,460,491,395,427,235,351,410,488,358,408,345,282,226,378,393,409,255,427,280,298,236,375,336,349,217,333,244,62
2025-04-01 16:57:51.79,open,88,150,154,252,239,284,313,257,240,258,299,426,432,433,411,280,229,323,424,489,447,477,381,419,226,341,400,478,348,396,333,268,216,368,384,400,249,421,274,294,233,370,332,344,210,325,234,51
2025-04-01 16:57:51.80,open,93,156,160,255,242,286,317,259,242,260,300,427,434,435,413,285,235,326,426,492,449,481,384,420,226,339,395,473,342,388,326,250,202,352,364,383,232,406,260,279,219,355,318,329,200,314,222,58
2025-04-01 16:57:51.81,open,99,164,166,264,249,291,321,266,246,260,299,424,435,438,417,289,238,331,429,500,461,496,398,434,242,353,408,489,361,410,350,288,227,376,388,410,260,433,288,310,250,383,348,362,232,346,257,61
2025-04-01 16:57:51.82,open,90,153,160,253,240,285,317,262,242,258,296,421,432,435,413,282,229,319,414,486,445,480,385,420,224,333,388,473,345,393,334,269,214,364,371,394,246,418,272,292,230,361,326,339,210,324,235,57
2025-04-01 16:57:51.83,open,81,142,146,243,232,275,307,256,232,248,286,411,425,428,405,274,221,311,408,480,438,473,377,413,215,323,379,465,336,386,328,256,207,355,364,386,237,411,265,288,226,357,320,330,203,313,222,48
2025-04-01 16:57:51.85,open,96,155,160,257,246,291,321,269,250,266,307,433,443,445,426,297,241,329,426,497,453,486,388,424,232,340,398,482,352,397,339,275,222,373,382,405,256,428,282,303,245,380,341,355,227,339,251,69
2025-04-01 16:57:51.86,open,89,154,156,253,240,285,316,260,239,255,297,421,430,431,410,283,229,317,417,488,445,477,379,416,223,333,393,476,345,390,331,263,215,364,377,396,245,417,269,288,233,365,326,340,212,322,234,58
2025-04-01 16:57:51.87,open,86,148,152,251,239,282,312,259,237,251,292,417,429,427,404,274,221,311,411,482,438,470,372,410,214,323,382,466,334,378,322,248,207,357,368,386,234,405,258,278,225,360,320,330,200,308,220,52
2025-04-01 16:57:51.88,open,93,157,160,258,244,291,322,266,245,264,306,432,442,443,422,293,240,328,428,499,457,486,387,425,234,342,403,485,353,397,338,272,224,373,387,404,252,421,273,294,238,372,333,344,213,321,234,63
2025-04-01 16:57:51.89,open,91,156,159,257,242,286,316,263,241,257,299,428,438,438,414,286,232,323,425,494,453,483,385,420,226,339,398,483,350,396,336,262,218,368,384,402,247,420,272,296,240,378,338,350,221,332,246,57
2025-04-01 16:57:51.90,open,85,148,152,250,237,283,314,257,236,253,297,423,434,434,411,276,225,317,420,490,450,481,384,421,225,338,399,480,347,391,329,250,209,359,374,390,235,407,259,282,223,363,321,332,200,309,222,49
2025-04-01 16:57:51.91,open,98,162,165,264,249,293,323,266,244,261,306,435,443,444,420,286,233,326,430,497,457,487,388,424,230,345,406,486,356,400,337,269,225,378,394,411,254,425,274,297,236,376,335,345,213,323,236,63
2025-04-01 16:57:51.93,open,94,157,161,264,248,291,320,267,248,264,309,440,451,452,428,294,243,336,441,508,467,495,394,426,235,350,413,493,363,406,342,272,229,384,400,417,259,432,280,305,242,385,344,353,219,328,242,58
2025-04-01 16:57:51.94,open,84,145,152,252,235,281,313,256,236,253,299,426,436,436,412,277,227,320,424,491,449,479,379,414,218,333,396,477,346,392,330,251,213,369,386,403,246,422,269,296,232,373,332,338,205,313,228,52
2025-04-01 16:57:51.95,open,90,153,158,259,244,288,316,264,248,261,306,434,445,444,419,284,234,328,431,499,458,488,388,421,230,345,405,486,355,399,337,265,225,377,393,410,252,427,274,304,237,378,338,343,212,320,237,61
2025-04-01 16:57:51.96,open,96,160,162,260,247,292,321,268,252,265,309,438,447,445,420,289,237,330,434,501,459,488,389,423,232,347,408,488,355,400,340,273,229,381,394,412,257,433,281,313,243,384,342,350,219,325,247,64
2025-04-01 16:57:51.97,open,93,156,158,258,242,288,317,261,245,260,305,434,440,437,413,280,232,323,426,491,448,477,378,416,222,338,397,475,342,385,326,250,213,366,379,398,242,421,269,299,228,365,326,334,203,308,233,50
2025-04-01 16:57:51.98,open,96,158,160,260,246,291,320,265,252,265,309,438,446,444,420,285,237,331,435,500,458,485,386,420,229,346,404,484,352,394,333,257,220,373,385,404,246,424,271,305,233,371,332,339,209,312,235,60
2025-04-01 16:57:52.00,open,99,160,164,265,251,296,323,268,257,270,315,442,450,452,429,292,241,333,437,505,464,494,394,427,236,351,410,490,360,404,342,269,228,379,390,411,253,432,276,312,238,379,341,353,225,330,258,62
2025-04-01 16:57:52.01,open,94,157,157,258,242,290,319,261,252,262,306,434,444,444,423,283,233,325,427,496,457,489,389,425,230,345,404,486,357,404,339,259,222,374,389,412,254,435,277,310,233,372,333,339,207,310,234,51
2025-04-01 16:57:52.02,open,92,155,158,260,245,292,321,266,261,268,308,435,451,453,433,289,238,330,432,499,461,493,393,424,222,337,396,477,349,399,331,239,208,362,378,406,246,431,272,306,224,366,326,333,200,301,225,57
2025-04-01 16:57:52.03,open,100,165,162,265,248,298,326,269,269,275,316,444,457,461,446,306,255,347,449,511,481,511,413,442,249,363,421,501,376,427,356,282,239,393,410,436,280,463,299,338,253,395,355,365,229,329,254,64
2025-04-01 16:57:52.04,open,97,160,159,261,245,296,328,267,269,273,313,438,449,452,435,288,241,332,434,500,465,498,399,430,236,352,410,490,365,418,346,262,225,377,394,421,263,451,283,323,235,375,337,349,213,313,242,58
2025-04-01 16:57:52.05,open,91,157,157,257,240,289,321,266,267,268,307,434,445,447,427,279,235,328,430,496,457,490,392,421,228,344,403,482,355,404,338,254,220,373,387,412,253,441,275,318,228,368,328,339,203,300,226,46
2025-04-01 16:57:52.06,open,106,173,171,274,255,307,336,277,282,286,326,453,460,458,440,297,251,342,443,507,468,498,398,427,242,357,414,491,364,412,348,273,234,386,398,424,266,457,292,339,250,387,347,359,227,323,253,68
2025-04-01 16:57:52.07,open,98,161,161,266,245,293,323,269,269,273,316,443,450,447,427,286,243,336,438,501,460,491,389,421,237,351,409,486,355,401,339,259,225,376,387,411,254,445,282,326,236,372,331,344,213,309,240,59
2025-04-01 16:57:52.09,open,98,160,158,262,243,292,322,265,267,271,312,438,446,442,419,277,236,329,430,493,451,481,380,414,227,344,401,478,347,390,328,242,216,368,379,405,245,436,273,317,225,363,324,335,205,300,230,53
2025-04-01 16:57:52.10,open,105,170,165,270,252,302,330,274,280,283,322,451,458,457,438,299,252,343,445,510,469,497,394,427,242,358,415,493,364,406,343,264,232,381,392,418,260,451,285,332,238,376,333,347,216,312,242,64
2025-04-01 16:57:52.11,open,99,163,160,266,248,296,324,271,274,276,316,442,452,451,430,290,245,336,438,505,465,493,392,421,236,351,408,486,358,402,340,260,229,381,393,419,262,456,291,341,248,388,345,360,226,322,252,58
2025-04-01 16:57:52.12,open,96,159,156,259,241,292,320,266,268,270,309,433,444,445,427,282,238,330,432,499,460,491,389,420,232,345,400,476,347,392,327,242,216,366,378,403,245,439,273,325,228,369,324,338,204,300,229,50
2025-04-01 16:57:52.13,open,102,170,166,273,251,299,327,274,275,278,316,442,451,451,433,289,245,336,437,502,462,492,392,424,240,355,410,489,360,404,341,265,230,381,391,418,260,452,286,334,238,378,334,352,218,315,244,66
2025-04-01 16:57:52.14,open,101,167,163,269,250,301,329,274,278,283,322,446,457,454,437,296,250,340,441,506,464,494,394,424,242,356,410,488,358,403,342,271,235,384,392,418,261,455,289,340,241,379,334,351,219,317,248,61
2025-04-01 16:57:52.16,open,96,158,156,261,241,292,320,266,269,273,312,436,442,441,423,277,235,326,425,489,446,475,377,413,229,345,398,476,345,388,329,252,224,373,379,407,250,444,278,330,232,370,324,339,208,305,234,48
2025-04-01 16:57:52.17,open,102,168,163,270,250,302,329,272,275,281,320,448,451,448,430,289,246,339,440,504,460,485,386,418,238,353,409,484,353,396,334,259,228,377,384,411,252,447,283,337,238,376,330,346,216,313,241,63
2025-04-01 16:57:52.18,open,108,176,169,276,254,306,333,275,280,284,324,449,453,450,435,290,248,340,441,504,461,488,388,421,244,361,414,491,360,401,340,271,235,386,394,422,262,456,292,344,244,383,337,354,224,323,254,63
2025-04-01 16:57:52.19,open,101,169,163,270,248,300,330,270,276,280,317,443,451,447,429,280,240,333,434,496,454,481,383,414,234,348,402,478,347,389,329,253,222,373,382,409,248,443,278,332,234,373,326,345,212,308,238,53
2025-04-01 16:57:52.20,open,100,165,162,272,251,301,329,273,278,283,322,448,453,453,435,286,245,339,441,504,462,488,389,419,240,355,411,486,354,396,333,258,226,377,387,416,256,451,286,338,238,379,331,349,214,315,241,60
2025-04-01 16:57:52.21,open,105,168,165,276,253,306,333,277,281,285,325,454,460,457,440,296,252,347,448,510,469,494,395,425,249,365,418,493,361,402,338,265,230,382,393,421,261,459,296,352,253,397,351,372,240,341,272,64
2025-04-01 16:57:52.22,open,97,163,160,267,248,301,327,268,276,278,318,446,449,447,431,283,243,337,438,499,458,482,386,420,241,358,411,485,353,395,332,264,229,380,389,416,256,449,285,337,237,379,329,348,213,314,243,54
2025-04-01 16:57:52.23,open,103,171,163,274,252,305,331,273,277,283,323,450,451,446,428,284,243,337,435,494,448,471,373,409,229,345,396,470,336,377,318,246,218,369,377,403,244,438,276,330,228,368,318,337,204,305,233,57
2025-04-01 16:57:52.24,open,104,172,165,274,252,306,334,275,283,290,330,459,459,454,438,302,257,350,450,511,464,484,387,418,250,365,415,490,357,398,342,285,244,393,396,423,266,459,297,352,248,386,337,354,224,324,256,60
2025-04-01 16:57:52.25,open,98,164,160,268,246,298,327,269,273,280,317,443,442,436,421,280,242,336,433,494,446,468,373,408,238,352,401,475,339,381,325,263,227,373,374,400,245,441,282,339,237,373,323,341,213,314,245,58
2025-04-01 16:57:52.26,open,96,160,156,266,244,293,324,268,270,274,313,438,436,430,414,273,236,329,425,486,436,458,365,404,235,347,394,468,332,372,317,255,220,368,366,393,238,431,273,328,224,360,312,328,201,301,230,49
2025-04-01 16:57:52.28,open,105,171,165,275,255,304,333,276,278,284,320,445,445,442,426,288,244,339,434,497,448,469,378,412,245,358,405,480,346,388,333,286,241,386,386,413,261,452,296,354,249,385,334,355,227,331,261,67
2025-04-01 16:57:52.29,open,101,173,164,274,251,302,331,274,275,279,317,444,442,438,424,285,243,337,433,493,445,465,373,410,240,354,401,475,341,381,325,269,228,374,376,403,250,443,286,343,238,377,325,345,218,321,249,57
2025-04-01 16:57:52.30,open,99,166,161,274,252,304,331,271,273,276,313,440,438,438,424,272,235,329,424,485,437,460,370,408,234,347,394,467,334,375,318,257,221,368,371,398,244,434,277,336,230,372,319,340,213,320,248,53
2025-04-01 16:57:52.31,open,100,171,164,278,261,313,344,277,280,285,323,451,452,451,438,296,250,346,443,502,457,478,386,417,248,364,411,484,349,395,336,279,234,381,386,412,256,446,290,348,242,385,327,349,219,329,253,66
2025-04-01 16:57:52.33,open,93,164,162,278,262,313,346,276,273,281,320,452,452,451,440,288,243,341,438,497,452,474,384,417,245,362,408,481,348,395,337,283,240,387,393,418,265,453,299,356,251,397,337,361,228,335,260,58
2025-04-01 16:57:52.34,open,89,160,158,276,262,317,357,275,268,277,320,453,452,454,450,288,241,339,435,492,448,469,381,419,237,354,398,470,336,383,324,256,224,371,376,400,243,434,279,337,231,379,315,336,201,309,234,54
2025-04-01 16:57:52.35,open,89,156,154,272,261,313,354,278,267,273,313,446,448,456,458,291,238,338,435,494,454,480,394,432,248,364,406,479,347,397,340,274,234,380,382,405,251,438,288,348,243,390,326,349,217,324,250,59
2025-04-01 16:57:52.36,open,91,156,153,270,262,313,354,278,265,273,310,443,442,451,455,298,237,333,426,484,446,476,394,437,249,362,400,472,344,397,342,282,236,380,377,403,254,438,291,349,242,389,324,352,221,329,257,53
2025-04-01 16:57:52.37,open,92,160,159,277,264,316,361,283,259,274,308,442,437,443,449,275,230,324,412,470,427,454,378,424,237,347,381,452,324,377,325,265,224,365,355,381,237,419,276,333,225,371,303,328,202,307,234,45
2025-04-01 16:57:52.38,open,97,163,162,272,258,315,362,288,261,277,308,439,435,444,450,285,236,332,416,476,429,459,384,428,243,352,382,453,325,380,330,265,227,366,354,378,240,420,278,337,234,378,308,332,206,312,238,54
2025-04-01 16:57:52.40,open,105,170,167,276,257,315,362,286,264,280,306,433,428,440,446,290,237,333,410,472,426,455,385,435,253,360,387,454,329,384,338,277,240,378,360,383,248,426,287,346,245,391,319,344,218,322,251,60
2025-04-01 16:57:52.41,open,105,171,165,274,256,314,358,280,267,278,302,424,417,428,437,277,233,325,395,457,408,437,372,421,240,344,366,434,308,366,322,259,227,365,346,366,233,414,277,336,235,379,306,330,209,315,242,57
2025-04-01 16:57:52.42,open,100,163,160,267,252,309,354,279,265,280,303,426,416,428,436,286,238,329,400,459,410,436,372,425,246,350,372,437,311,369,325,268,234,371,350,371,240,417,283,340,240,381,305,327,199,304,228,58
2025-04-01 16:57:52.43,open,105,169,163,269,256,314,358,285,266,283,305,430,420,434,443,294,241,334,408,467,417,442,378,427,250,354,373,440,312,372,330,281,244,382,363,384,257,433,302,363,266,406,330,355,230,337,263,59
2025-04-01 16:57:52.44,open,98,162,161,270,256,310,358,286,261,281,305,434,421,436,445,286,240,331,404,464,414,441,378,429,250,355,374,441,310,370,326,273,235,371,350,366,236,411,282,341,241,384,309,334,210,318,244,57
2025-04-01 16:57:52.45,open,106,170,169,285,274,323,369,292,265,288,307,442,429,443,451,281,236,328,401,457,408,433,371,425,238,346,365,435,305,366,322,258,224,361,341,358,229,403,274,330,230,373,297,324,198,308,233,57
2025-04-01 16:57:52.46,open,106,169,168,283,270,320,368,290,264,291,313,449,435,449,453,307,248,342,418,476,429,453,390,442,262,372,392,462,332,394,348,300,251,382,363,377,249,421,294,353,250,392,315,342,217,327,253,57
2025-04-01 16:57:52.47,open,101,162,166,281,272,320,365,285,260,290,312,452,437,449,452,297,244,339,417,473,428,452,387,439,249,360,380,451,321,382,338,278,235,369,353,369,241,414,291,345,242,383,310,336,208,321,245,57
2025-04-01 16:57:52.49,open,100,162,173,300,285,323,371,291,257,288,317,472,452,462,462,291,238,335,420,479,441,466,399,445,243,354,377,456,324,392,339,265,225,358,346,361,232,403,281,333,229,369,294,322,192,306,229,52
2025-04-01 16:57:52.50,open,107,165,181,312,293,329,378,297,260,298,328,485,461,474,476,309,242,341,433,493,463,488,425,467,258,372,395,477,349,422,365,301,251,385,372,389,259,429,307,361,255,395,321,352,219,335,257,64
2025-04-01 16:57:52.51,open,104,162,179,309,293,327,376,291,259,294,326,486,464,474,470,304,240,337,429,490,460,485,420,464,246,361,385,470,342,419,358,282,237,370,363,382,250,425,299,349,244,384,308,342,209,326,247,57
2025-04-01 16:57:52.52,open,97,154,172,304,289,320,365,274,254,289,321,483,459,465,459,296,235,332,424,483,454,478,413,460,237,352,377,466,338,414,352,268,227,361,361,382,245,420,297,345,241,382,308,341,203,323,236,52
2025-04-01 16:57:52.53,open,105,162,178,313,298,324,368,277,260,297,329,488,466,470,460,313,241,338,434,494,465,488,420,469,249,363,390,477,348,424,360,282,240,373,377,393,254,421,300,349,248,393,318,353,212,334,250,63
2025-04-01 16:57:52.54,open,98,153,174,302,287,310,355,270,251,290,322,481,456,459,443,307,237,334,430,485,456,480,413,469,248,364,393,481,352,430,368,298,249,384,390,404,262,432,308,356,252,403,326,364,220,341,257,57
2025-04-01 16:57:52.55,open,91,147,166,292,280,302,344,266,248,289,321,476,446,448,430,298,232,326,419,470,437,461,396,461,234,351,376,461,331,406,349,268,228,365,371,381,242,415,292,332,234,385,305,340,198,322,236,49
2025-04-01 16:57:52.57,open,97,150,170,292,278,296,332,267,250,288,314,468,436,441,421,306,235,331,420,470,434,461,400,467,242,355,374,459,328,405,354,281,237,369,369,378,248,422,302,344,249,395,314,351,210,336,248,56
2025-04-01 16:57:52.58,open,105,158,175,291,274,292,331,270,251,290,309,458,420,430,413,308,237,328,406,454,418,451,396,469,243,354,363,445,318,397,352,289,239,366,360,366,246,419,301,345,252,394,317,354,218,344,256,61
2025-04-01 16:57:52.59,open,93,148,164,276,256,276,322,262,242,280,293,440,396,413,397,293,226,315,385,429,395,430,383,461,230,339,340,424,299,380,337,270,224,350,343,346,233,404,288,322,233,371,295,332,198,326,235,50
2025-04-01 16:57:52.60,open,98,148,165,272,255,275,326,266,245,285,291,434,389,412,402,301,227,314,380,422,392,430,387,465,230,339,337,419,299,385,343,278,228,354,348,350,241,412,296,329,242,381,306,344,209,337,245,52
2025-04-01 16:57:52.61,open,101,152,168,264,248,273,326,268,244,284,286,428,382,408,400,308,230,316,379,418,393,434,392,473,236,346,339,419,303,389,347,290,235,359,352,355,246,419,303,336,252,391,316,354,220,349,258,55
2025-04-01 16:57:52.62,open,93,145,161,256,240,266,319,263,236,273,275,414,368,397,389,295,221,304,365,402,380,425,384,468,224,330,322,405,291,382,342,277,225,349,342,345,237,415,296,322,241,381,307,348,210,346,251,49
2025-04-01 16:57:52.63,open,96,146,158,253,242,268,320,266,237,275,274,409,366,400,393,301,222,305,366,402,384,432,389,474,227,332,325,408,297,390,349,283,227,350,344,345,238,418,292,313,233,373,297,334,194,327,227,52
2025-04-01 16:57:52.65,open,98,148,162,251,242,269,324,267,241,278,278,410,366,402,397,307,225,308,368,403,386,435,390,476,230,337,331,418,309,403,363,309,246,369,364,368,264,445,316,337,261,404,325,369,231,364,267,54
2025-04-01 16:57:52.66,open,90,138,154,244,235,260,314,264,237,274,271,404,360,394,389,300,224,307,368,404,385,433,388,476,229,336,328,413,300,389,347,285,229,351,347,351,242,425,297,317,245,393,314,357,217,349,251,49
2025-04-01 16:57:52.67,open,94,141,157,244,234,259,313,261,233,270,266,394,347,382,377,284,217,300,360,392,372,420,377,468,223,331,321,406,292,379,337,270,219,341,338,342,233,413,286,304,236,381,306,349,206,341,242,53
2025-04-01 16:57:52.68,open,110,161,172,256,246,272,325,273,244,282,277,397,354,389,392,311,232,316,374,401,386,435,396,485,244,351,340,420,308,396,354,296,236,358,354,356,248,428,301,316,252,395,320,365,222,358,261,60
2025-04-01 16:57:52.69,open,91,138,154,237,232,259,314,261,233,271,265,384,345,378,380,299,222,305,361,382,365,416,381,472,226,332,320,397,288,378,341,282,226,347,344,346,240,416,289,306,243,384,311,357,213,348,249,50
2025-04-01 16:57:52.70,open,83,131,147,228,221,250,306,256,225,262,257,375,332,369,372,291,215,298,354,374,354,405,372,464,217,320,308,385,275,365,331,267,213,333,329,331,225,400,276,293,232,370,300,341,201,332,234,43
2025-04-01 16:57:52.71,open,94,140,156,236,230,257,312,261,227,268,265,380,336,373,377,304,221,304,363,385,364,411,382,472,234,336,329,405,296,380,344,296,233,353,351,355,247,415,292,307,249,389,320,361,219,349,251,57
2025-04-01 16:57:52.73,open,86,136,149,228,221,249,305,256,219,260,257,370,326,360,365,294,213,294,352,371,349,397,371,460,222,321,313,387,281,367,332,283,222,342,339,344,237,404,282,297,240,378,312,350,212,345,247,49
2025-04-01 16:57:52.74,open,75,123,141,221,213,239,296,250,211,252,246,361,317,352,357,285,205,284,341,361,340,388,363,451,211,308,301,374,272,360,326,274,214,332,331,335,228,396,275,289,233,366,300,333,197,325,228,43
2025-04-01 16:57:52.75,open,92,137,152,228,222,251,304,259,222,260,253,363,324,360,365,296,210,286,345,365,347,395,370,454,216,308,304,373,276,363,330,281,217,332,330,334,233,395,278,293,241,373,312,348,213,340,245,56
2025-04-01 16:57:52.76,open,83,132,147,222,217,243,297,252,214,254,246,356,314,349,355,291,205,281,339,358,342,388,367,452,219,309,307,378,283,366,332,288,218,332,330,337,235,393,280,291,243,372,309,352,214,340,249,50
2025-04-01 16:57:52.77,open,81,125,139,214,211,237,289,247,209,244,236,344,301,336,341,273,192,264,321,341,323,368,349,434,201,285,285,354,261,342,306,258,196,309,309,314,213,366,256,266,224,352,291,334,198,318,229,46
2025-04-01 16:57:52.78,open,82,126,141,212,209,235,289,248,206,247,240,348,305,340,346,286,201,269,328,347,331,374,354,434,206,289,290,360,267,349,313,270,203,314,314,322,222,373,264,273,233,357,297,339,203,319,232,48
2025-04-01 16:57:52.79,open,88,134,147,217,213,239,292,251,206,246,239,348,306,341,348,289,201,269,328,347,332,377,356,435,206,288,289,356,267,348,314,270,202,312,311,320,224,372,264,273,236,357,299,341,209,320,236,54
2025-04-01 16:57:52.80,open,67,113,128,203,198,226,278,241,195,233,226,336,296,331,339,277,192,257,317,335,322,366,348,428,196,274,275,345,256,338,306,254,188,293,294,303,207,354,249,258,221,338,281,323,190,299,216,40
2025-04-01 16:57:52.81,open,82,124,138,208,205,233,287,246,199,238,230,338,296,332,341,281,193,257,317,334,321,366,349,430,200,275,277,346,259,339,308,261,193,295,298,307,212,357,252,261,225,339,282,326,193,300,219,48
2025-04-01 16:57:52.83,open,83,125,140,207,204,230,285,246,200,239,233,338,296,331,341,284,196,259,318,336,321,368,350,430,203,275,277,346,261,341,310,266,196,297,302,312,218,359,254,265,232,342,288,331,195,299,220,48
2025-04-01 16:57:52.84,open,69,114,129,196,194,221,274,236,191,229,221,326,284,318,329,269,185,248,306,323,308,354,340,419,193,266,266,333,249,328,298,252,186,284,290,301,209,348,246,254,221,330,277,321,190,294,216,41
2025-04-01 16:57:52.85,open,78,121,134,203,201,228,280,242,197,236,226,331,286,323,334,271,187,249,306,324,310,356,344,424,197,268,268,334,252,330,299,248,182,277,282,291,198,334,232,236,204,309,260,305,174,276,201,44
2025-04-01 16:57:52.86,open,83,124,139,211,212,240,292,251,201,242,233,340,301,337,350,277,190,251,312,332,325,373,356,439,206,280,283,354,273,353,323,277,201,294,302,314,221,359,256,265,229,331,288,333,204,307,233,50
2025-04-01 16:57:52.87,open,75,122,135,212,210,236,289,251,200,240,228,336,299,337,349,276,189,251,309,330,322,370,349,432,194,269,267,337,257,338,308,256,184,281,290,305,211,356,250,255,219,324,277,323,193,299,219,43
2025-04-01 16:57:52.89,open,78,121,135,205,202,228,277,240,196,235,224,328,288,324,334,269,185,251,307,328,316,364,345,429,192,265,265,334,249,331,301,250,182,284,290,303,206,351,245,254,217,332,281,324,191,298,214,43
2025-04-01 16:57:52.90,open,96,137,150,219,212,236,285,249,209,250,242,345,299,333,340,292,204,270,330,346,331,374,353,435,210,284,285,354,266,345,312,270,200,307,308,318,222,369,261,269,235,356,299,344,210,323,240,58
2025-04-01 16:57:52.91,open,76,117,132,196,194,213,259,230,194,233,224,322,270,300,306,261,188,250,306,317,298,337,321,394,195,268,267,333,247,321,286,257,193,297,297,304,209,353,245,249,228,348,289,332,197,305,221,44
2025-04-01 16:57:52.92,open,64,107,124,189,185,203,248,224,187,226,216,317,266,293,297,253,182,242,295,309,290,327,309,377,187,258,254,322,236,308,269,239,180,280,283,291,197,333,229,230,217,336,277,318,185,288,206,37
2025-04-01 16:57:52.93,open,82,123,138,204,202,224,269,238,200,238,229,334,290,322,324,276,196,254,310,330,317,357,337,413,204,272,273,342,260,337,299,265,193,289,297,308,216,355,251,254,229,340,290,336,201,308,224,46
2025-04-01 16:57:52.94,open,76,120,137,209,206,232,280,244,201,240,227,333,294,331,334,275,188,249,302,325,317,362,342,424,197,265,264,334,254,337,304,266,186,281,286,302,212,355,253,258,221,329,283,331,200,317,232,43
2025-04-01 16:57:52.95,open,68,114,130,204,202,228,277,242,198,237,225,332,293,330,336,269,185,247,303,325,315,362,341,424,192,262,261,335,254,337,307,259,181,277,280,295,201,342,243,248,209,317,271,309,184,299,211,38
2025-04-01 16:57:52.96,open,84,129,145,216,210,236,286,250,205,244,237,345,301,337,341,280,194,257,315,334,322,366,346,426,198,272,272,342,259,340,307,260,188,288,291,306,212,350,250,256,227,338,287,324,195,306,220,50
2025-04-01 16:57:52.97,open,77,123,138,209,205,230,281,244,200,241,234,340,297,330,334,276,196,259,317,338,325,370,347,426,206,279,278,347,262,340,306,266,192,291,297,309,214,350,251,253,228,341,290,330,200,312,224,46
2025-04-01 16:57:52.99,open,76,117,133,206,200,223,270,236,193,230,221,328,286,321,323,259,181,244,304,326,313,356,335,411,189,260,262,331,245,325,291,244,178,276,282,296,201,338,238,243,218,333,283,320,192,303,213,42
2025-04-01 16:57:53.00,open,81,123,138,209,208,229,278,245,201,240,232,337,293,329,332,272,189,252,310,330,317,361,340,418,198,269,271,340,256,337,301,260,187,286,291,306,211,350,249,252,224,338,287,324,194,308,219,45
2025-04-01 16:57:53.01,open,81,122,138,207,206,230,280,244,203,241,232,338,296,330,334,276,194,256,314,333,320,362,341,418,198,270,272,342,258,337,302,265,191,291,296,309,215,355,254,258,230,345,296,333,203,318,229,48
2025-04-01 16:57:53.02,open,64,115,131,201,195,221,274,237,195,236,226,332,288,322,326,269,188,250,306,325,311,355,335,413,193,265,264,333,249,326,293,250,179,280,284,297,203,344,242,245,218,332,281,317,187,301,213,37
2025-04-01 16:57:53.03,open,78,121,137,209,205,227,276,244,200,238,229,334,291,326,331,269,189,252,310,330,314,358,339,415,197,268,268,338,253,331,299,259,187,287,291,302,207,345,244,249,221,338,285,323,193,306,217,45
2025-04-01 16:57:53.04,open,81,124,140,210,206,231,281,245,203,244,235,340,296,330,334,277,195,258,314,333,319,362,341,420,203,274,274,342,258,338,305,267,193,291,294,308,214,352,252,255,227,340,287,324,194,310,222,46
2025-04-01 16:57:53.06,open,72,117,131,202,198,225,275,238,195,235,226,332,288,322,325,267,187,251,306,325,310,354,333,413,193,265,265,337,252,331,298,256,185,283,288,300,206,345,245,251,224,339,286,322,193,304,216,40
2025-04-01 16:57:53.07,open,77,122,136,206,202,228,278,241,199,238,228,332,289,325,330,268,188,253,310,330,314,357,337,416,196,267,266,335,249,326,290,243,174,273,276,288,193,331,234,237,210,325,273,311,181,296,207,45
2025-04-01 16:57:53.08,open,83,127,141,210,208,234,282,245,202,241,230,334,292,328,333,275,194,258,317,337,325,370,351,430,213,285,284,353,267,345,310,276,198,297,300,313,218,356,257,264,238,352,301,340,210,322,236,49
2025-04-01 16:57:53.09,open,74,118,134,205,202,228,278,242,198,238,229,333,290,326,331,269,188,251,307,326,312,356,336,416,195,268,269,338,253,332,298,258,187,288,291,304,208,347,246,250,222,339,288,324,193,306,217,43
2025-04-01 16:57:53.10,open,61,110,128,197,192,217,269,233,192,230,221,326,283,320,326,262,183,246,303,323,309,353,334,412,190,261,262,332,245,326,293,250,182,282,285,297,202,340,241,248,220,337,283,319,187,299,210,37
2025-04-01 16:57:53.11,open,86,128,143,214,211,235,284,250,209,249,241,344,300,336,341,283,200,262,319,337,320,366,344,421,203,275,276,345,258,337,304,267,195,298,300,313,217,355,255,261,236,354,302,340,209,322,234,53
2025-04-01 16:57:53.12,open,78,123,137,206,202,228,279,242,197,240,230,333,289,325,331,269,189,253,310,329,315,358,339,416,195,269,269,340,254,333,299,260,188,289,293,306,209,349,248,252,226,342,290,328,195,308,220,45
2025-04-01 16:57:53.13,open,68,114,133,203,198,224,273,241,195,234,225,331,288,322,326,265,184,248,305,324,307,350,331,410,187,259,260,331,244,324,290,246,180,280,284,294,200,338,237,244,218,336,283,319,188,298,209,40
2025-04-01 16:57:53.15,open,82,128,142,211,208,232,284,249,205,245,237,343,299,333,339,283,200,262,320,338,322,365,345,422,204,277,277,347,261,340,306,266,193,293,297,309,213,353,252,256,229,346,292,329,196,312,222,48
2025-04-01 16:57:53.16,open,78,123,139,210,204,228,280,244,200,238,229,336,293,326,332,273,193,255,312,331,315,359,340,418,198,270,270,340,254,333,300,259,188,289,292,304,208,347,247,256,230,347,296,333,203,316,228,45
2025-04-01 16:57:53.17,open,69,114,131,202,197,221,272,239,195,234,222,330,286,321,325,265,185,248,305,325,309,353,334,414,194,267,267,337,251,328,293,248,179,277,281,291,195,334,235,241,215,333,280,317,185,297,208,37
2025-04-01 16:57:53.18,open,82,124,139,207,205,232,282,245,201,242,234,337,292,327,333,274,193,256,312,330,314,357,339,420,200,272,272,341,256,334,300,262,190,292,296,307,211,349,249,253,226,344,290,328,196,308,220,49
2025-04-01 16:57:53.19,open,78,124,138,208,203,228,280,244,203,242,234,337,293,330,338,278,196,260,318,337,321,363,342,421,202,275,275,345,259,337,304,266,194,293,297,310,214,352,252,257,231,347,293,330,197,312,224,45
2025-04-01 16:57:53.20,open,71,115,129,201,196,221,272,236,193,231,222,325,284,320,325,263,183,247,302,322,305,349,331,410,189,260,260,329,244,323,290,251,182,284,287,299,204,341,242,246,221,338,285,322,189,302,213,38
2025-04-01 16:57:53.21,open,80,125,141,210,204,228,282,244,199,240,230,334,291,325,332,272,190,253,309,330,314,357,339,418,198,270,270,339,253,331,298,260,190,289,293,304,208,344,245,251,226,341,289,326,195,306,218,46
2025-04-01 16:57:53.22,open,82,127,143,212,208,232,282,249,203,241,232,337,296,331,337,275,192,257,314,333,316,359,340,420,198,273,273,344,258,338,304,266,194,294,297,310,212,353,253,258,232,348,296,333,200,314,226,49
2025-04-01 16:57:53.23,open,72,116,131,202,200,226,278,242,196,236,227,332,288,323,330,268,187,249,305,324,307,351,333,413,190,261,261,331,245,324,291,250,181,283,286,298,202,339,239,245,219,337,284,322,189,301,213,38
2025-04-01 16:57:53.25,open,78,121,137,206,203,229,281,243,200,238,229,335,292,326,332,272,192,254,310,330,314,357,338,417,196,269,269,339,253,332,298,256,185,285,289,301,203,344,244,250,224,341,288,325,193,305,217,45
2025-04-01 16:57:53.26,open,82,125,140,211,207,233,284,249,204,243,234,340,297,331,338,279,196,259,316,334,319,363,344,421,201,274,275,346,259,339,306,266,191,290,292,305,208,347,248,253,228,346,296,336,205,321,237,49
2025-04-01 16:57:53.27,open,73,116,133,205,200,224,276,241,196,234,224,331,290,324,329,267,186,249,307,327,310,356,336,415,195,267,267,337,251,330,297,258,188,289,292,304,207,344,244,249,223,340,288,324,193,305,216,37
2025-04-01 16:57:53.28,open,75,118,136,207,202,226,277,244,198,237,228,332,291,328,334,270,189,252,308,329,312,355,335,412,188,260,259,329,242,320,286,240,174,274,280,292,196,336,236,243,217,333,280,316,185,294,206,44
2025-04-01 16:57:53.30,open,81,123,137,206,203,230,281,244,202,242,233,338,299,336,344,285,204,266,324,344,328,371,350,426,209,280,280,349,264,341,307,273,198,300,304,317,222,361,261,266,239,354,300,338,204,317,229,49
2025-04-01 16:57:53.31,open,79,121,137,209,204,229,280,244,200,238,228,332,290,326,332,269,188,251,308,328,312,356,338,419,196,269,271,340,253,332,298,259,187,288,293,305,209,347,247,251,224,341,288,326,193,307,219,43
2025-04-01 16:57:53.32,open,46,110,130,201,195,221,275,238,193,230,222,330,287,321,326,264,184,246,303,323,307,351,332,412,189,262,264,334,249,328,294,251,181,282,286,299,202,341,241,244,217,333,280,316,182,296,206,34
2025-04-01 16:57:53.33,open,85,130,147,216,212,238,291,252,208,248,239,345,300,334,339,280,195,258,314,334,318,362,342,422,202,275,276,345,259,339,306,271,196,298,303,316,220,358,258,264,236,353,300,338,206,320,232,52
2025-04-01 16:57:53.34,open,79,122,136,208,204,228,280,245,200,238,228,333,293,330,336,271,189,252,309,329,314,358,339,419,198,269,270,339,253,332,300,260,189,290,294,306,209,347,246,252,225,343,291,329,196,309,222,44
2025-04-01 16:57:53.35,open,72,117,131,203,199,225,275,241,195,233,222,329,288,322,327,264,183,246,303,323,306,350,333,411,188,259,260,331,246,326,294,248,180,280,284,296,201,340,241,244,217,334,281,317,187,301,215,40
2025-04-01 16:57:53.36,open,86,130,144,214,211,237,289,251,206,246,238,344,301,337,342,283,199,261,319,338,322,366,346,424,202,275,275,345,260,339,306,266,192,293,296,310,212,351,251,255,227,344,291,328,195,309,222,50
2025-04-01 16:57:53.38,open,76,121,135,205,204,229,280,245,201,239,230,334,293,330,336,272,190,254,311,331,316,361,340,419,198,269,269,338,253,332,300,262,190,292,297,310,216,354,253,260,235,353,300,339,206,318,230,44
2025-04-01 16:57:53.39,open,70,118,132,203,197,224,277,240,193,235,225,330,288,326,332,268,188,252,309,329,315,357,338,414,190,262,262,332,245,325,291,244,177,278,283,296,200,340,241,244,217,334,282,320,186,297,208,37
2025-04-01 16:57:53.40,open,82,125,139,209,206,233,283,245,200,241,232,336,294,330,336,275,193,256,312,331,317,361,340,421,200,272,274,342,257,336,302,261,188,290,293,306,210,348,249,254,227,345,290,328,195,307,219,49
2025-04-01 16:57:53.41,open,81,126,142,213,209,235,286,252,207,245,236,341,300,338,342,280,196,259,316,336,321,365,345,422,202,273,274,344,259,339,307,269,195,295,298,310,213,352,252,259,231,348,294,332,198,311,224,44
2025-04-01 16:57:53.42,open,62,113,128,203,199,226,277,242,195,233,223,331,290,325,329,265,182,246,303,323,307,352,333,412,188,261,264,333,249,329,297,254,184,285,289,303,205,345,245,249,220,337,284,320,187,299,210,37
2025-04-01 16:57:53.43,open,77,121,137,209,203,229,282,245,199,240,230,336,294,330,336,273,190,253,310,330,315,358,340,420,198,270,271,341,256,334,301,260,189,291,294,306,210,348,248,253,225,343,290,329,196,308,220,46
2025-04-01 16:57:53.44,open,78,122,140,212,209,235,285,249,204,242,234,337,296,334,340,276,193,256,313,333,321,364,345,422,202,275,276,346,261,340,307,268,194,294,299,313,216,354,254,259,232,348,296,334,201,315,228,49
2025-04-01 16:57:53.45,open,76,120,136,205,202,229,281,243,196,235,226,332,292,328,332,266,185,248,305,324,309,355,335,414,190,261,261,332,246,326,296,253,182,284,288,299,203,341,242,248,219,337,285,323,190,303,216,42
2025-04-01 16:57:53.46,open,73,117,135,206,203,229,281,245,200,238,228,334,293,331,338,272,189,253,310,330,316,361,341,419,195,269,268,339,254,331,298,257,187,287,291,302,207,346,246,254,225,342,289,326,193,304,214,45
2025-04-01 16:57:53.48,open,85,126,140,211,209,236,288,249,203,244,235,340,298,334,340,278,196,259,315,334,320,364,344,424,202,275,274,343,260,335,301,260,188,289,293,309,214,354,257,266,241,358,306,345,212,325,238,50
2025-04-01 16:57:53.49,open,71,114,131,203,202,227,278,243,197,237,227,332,290,328,334,268,187,251,308,328,313,357,339,420,197,268,269,337,252,332,300,259,187,289,290,302,205,343,244,252,224,341,289,325,193,305,218,37
2025-04-01 16:57:53.50,open,76,121,136,206,204,232,283,245,200,240,230,336,293,328,334,269,186,249,303,321,305,349,330,410,185,257,257,325,241,321,291,246,178,280,283,294,198,339,240,242,215,333,279,318,182,296,208,42
2025-04-01 16:57:53.51,open,78,123,137,208,206,235,287,250,207,250,242,348,306,341,348,288,203,266,321,339,323,366,347,426,205,280,280,350,265,345,312,278,201,303,306,318,221,360,258,262,235,350,297,334,199,313,225,45
2025-04-01 16:57:53.52,open,77,122,137,208,204,231,283,244,200,238,228,333,292,330,337,270,188,252,308,329,314,358,341,421,197,269,269,338,253,332,299,259,189,290,292,303,207,345,245,253,225,344,290,328,195,307,219,43
2025-04-01 16:57:53.53,open,42,113,130,201,197,224,276,240,193,233,222,329,286,323,329,265,185,248,304,323,309,353,336,416,190,265,266,335,250,330,296,251,181,283,286,298,201,339,238,244,214,333,280,314,181,293,205,35
2025-04-01 16:57:53.55,open,88,133,146,218,212,238,289,253,206,245,235,342,299,334,341,280,196,258,314,334,318,363,346,426,205,277,277,347,262,342,310,276,200,302,306,316,220,358,258,264,236,355,300,339,205,318,230,57
2025-04-01 16:57:53.56,open,76,118,134,206,203,230,281,244,200,240,230,333,292,330,337,270,190,253,309,330,315,360,341,419,197,269,270,338,254,334,301,259,188,291,293,306,209,348,249,253,227,345,292,329,196,309,221,45
2025-04-01 16:57:53.57,open,74,117,131,201,200,225,276,240,194,233,222,330,288,324,330,264,184,248,304,324,308,353,335,414,189,262,262,331,245,326,294,251,182,285,288,298,201,340,240,249,221,341,288,326,193,306,217,41
2025-04-01 16:57:53.58,open,89,130,144,214,213,240,291,252,209,248,238,341,299,337,344,280,196,261,317,336,320,363,345,423,202,276,275,344,259,338,304,262,191,293,294,306,209,349,250,254,227,346,292,329,195,309,221,54
2025-04-01 16:57:53.59,open,81,124,138,210,207,232,283,248,203,241,232,337,294,333,339,274,193,257,312,332,316,358,341,420,197,274,274,342,258,338,305,268,195,302,304,315,219,355,255,265,236,356,300,336,202,314,226,43
2025-04-01 16:57:53.60,open,70,117,133,205,200,226,281,243,196,236,228,336,293,330,336,273,193,253,308,326,309,352,334,413,188,262,262,332,245,324,292,248,181,285,286,298,200,341,240,245,218,337,281,316,181,293,204,40
2025-04-01 16:57:53.62,open,85,129,142,212,206,233,286,249,202,242,233,340,296,332,339,276,194,259,316,334,318,362,343,422,201,276,275,342,256,334,301,262,192,296,297,306,209,347,248,256,228,349,294,331,196,309,220,46
2025-04-01 16:57:53.63,open,84,128,144,214,212,238,291,253,208,249,238,342,299,337,345,280,197,262,320,338,321,366,347,426,205,278,280,347,259,338,306,269,196,301,302,312,214,352,251,257,231,351,296,333,197,313,225,49
2025-04-01 16:57:53.64,open,72,115,132,203,198,227,281,241,196,236,226,331,288,323,331,262,184,249,306,326,309,354,338,417,194,269,269,339,252,331,298,255,186,291,292,302,204,344,243,247,220,340,284,320,185,299,210,37
2025-04-01 16:57:53.65,open,83,128,142,213,206,233,286,248,202,242,233,341,297,332,339,275,193,259,317,335,318,362,343,421,198,274,274,344,256,337,304,261,192,296,297,307,209,348,250,257,229,350,293,330,194,307,219,45
2025-04-01 16:57:53.66,open,83,125,141,210,205,234,288,248,203,243,236,341,298,333,342,277,197,262,318,338,320,364,345,425,204,281,282,350,262,341,308,270,197,303,305,315,217,355,254,260,235,355,299,338,203,316,227,49
2025-04-01 16:57:53.67,open,74,117,133,206,202,229,281,243,198,239,228,333,289,326,334,266,187,253,308,328,309,353,336,418,195,270,271,339,250,330,297,254,186,293,293,305,206,345,245,251,225,346,290,326,193,307,219,41
2025-04-01 16:57:53.68,open,80,126,141,213,207,232,285,249,203,243,233,338,297,334,341,273,192,258,315,333,316,360,340,419,197,272,273,342,253,334,301,260,193,298,299,307,208,347,245,253,226,346,289,322,185,297,205,45
2025-04-01 16:57:53.69,open,85,131,147,217,212,237,290,251,209,246,238,342,300,338,347,278,197,264,321,340,322,365,346,422,201,275,276,345,256,336,305,270,202,309,312,322,225,363,263,272,246,369,312,347,211,323,235,49
2025-04-01 16:57:53.70,open,78,123,138,208,203,231,285,245,200,242,233,340,294,331,339,273,193,260,316,334,317,360,341,422,199,276,276,346,256,335,300,258,190,297,296,306,207,347,247,253,228,351,294,330,194,308,218,41
2025-04-01 16:57:53.72,open,78,124,140,212,205,230,284,248,202,240,230,335,293,329,334,261,184,250,306,325,306,350,332,412,189,267,270,336,248,326,292,250,185,292,291,300,200,339,238,246,221,345,287,322,187,300,211,44
2025-04-01 16:57:53.73,open,90,137,152,224,219,244,299,259,214,255,247,353,309,344,352,286,204,270,326,346,328,371,353,430,213,291,291,361,270,350,314,279,205,313,310,319,219,358,256,261,235,358,301,339,202,317,228,49
2025-04-01 16:57:53.74,open,78,123,139,209,204,233,286,245,204,244,234,338,298,334,344,273,195,260,317,336,320,363,344,422,199,275,276,345,257,337,302,260,192,299,299,309,209,350,250,256,230,354,297,331,196,310,220,43
2025-04-01 16:57:53.75,open,74,117,132,204,201,229,283,243,196,237,228,334,292,329,338,268,189,255,310,331,316,361,342,421,196,269,271,340,251,331,297,253,187,292,292,301,202,342,240,246,219,344,286,323,187,301,210,38
2025-04-01 16:57:53.76,open,90,131,145,215,213,240,291,253,208,246,237,342,301,340,349,280,197,265,322,342,326,372,352,432,210,285,286,355,267,347,314,280,205,312,312,320,221,360,257,266,240,362,305,341,206,319,229,54
2025-04-01 16:57:53.77,open,79,121,137,209,205,234,288,248,203,244,235,339,297,333,344,274,194,260,316,335,318,362,344,425,202,277,278,346,258,337,304,265,195,302,304,313,213,354,251,257,233,356,298,334,198,312,222,45
2025-04-01 16:57:53.79,open,74,116,131,203,198,227,278,242,195,234,225,331,290,328,336,267,187,253,309,329,313,356,339,418,193,268,268,338,250,330,298,253,187,294,294,305,206,348,248,254,229,352,292,326,189,302,210,38
2025-04-01 16:57:53.80,open,86,130,144,214,213,240,291,253,209,250,240,344,300,337,348,280,198,264,319,337,320,364,347,425,204,279,278,345,258,337,304,265,195,302,302,313,213,354,251,257,232,355,298,334,198,315,225,53
2025-04-01 16:57:53.81,open,81,122,140,209,205,234,289,250,203,242,232,338,297,334,342,275,193,259,315,334,318,363,345,424,203,280,280,350,264,345,312,275,202,308,307,317,219,359,257,262,236,358,301,337,202,317,228,46
2025-04-01 16:57:53.82,open,74,120,134,204,202,233,287,246,200,242,230,335,292,329,337,266,186,250,304,323,306,350,335,414,190,265,265,335,249,328,296,252,185,290,290,300,201,341,240,245,220,341,284,320,186,300,211,41
2025-04-01 16:57:53.83,open,80,125,140,209,205,234,289,250,202,243,233,338,298,335,345,277,196,260,315,334,319,363,346,424,201,275,274,344,257,338,305,265,193,298,299,309,211,353,252,258,232,352,295,332,197,311,221,47
2025-04-01 16:57:53.84,open,86,129,145,214,212,239,291,254,208,246,235,339,298,338,350,279,197,262,317,337,321,366,348,427,204,280,277,346,260,339,306,268,196,302,302,314,214,354,253,259,233,355,299,337,203,317,229,54
2025-04-01 16:57:53.85,open,72,116,130,202,200,227,281,242,196,236,224,328,287,328,340,267,187,252,308,327,313,357,341,421,198,272,269,339,253,332,299,255,187,291,292,303,204,345,243,248,222,342,285,322,187,302,212,40
2025-04-01 16:57:53.86,open,79,122,138,209,206,234,287,250,204,242,232,335,296,336,346,275,193,258,313,332,318,364,345,422,201,274,272,340,256,336,303,263,194,299,299,309,211,350,248,253,229,352,294,332,196,310,219,48
2025-04-01 16:57:53.87,open,86,129,140,210,209,237,290,253,206,245,233,337,297,337,348,278,197,264,318,338,322,368,349,426,205,280,278,347,261,341,309,272,201,305,305,315,217,356,253,262,240,358,302,340,204,317,227,48
2025-04-01 16:57:53.89,open,76,121,135,203,201,229,283,243,198,237,225,329,289,329,339,265,188,252,308,326,312,357,340,418,195,268,267,336,251,331,300,258,190,294,295,305,207,347,245,253,229,351,294,331,196,308,219,43
2025-04-01 16:57:53.90,open,81,125,139,208,206,234,288,248,204,241,229,333,293,333,344,270,191,256,309,329,314,360,342,420,200,272,270,340,254,337,304,260,192,296,295,305,205,345,243,245,220,339,281,316,179,291,200,45
2025-04-01 16:57:53.91,open,86,129,141,212,211,238,292,251,206,248,236,339,298,337,349,278,196,260,313,332,316,361,344,424,203,278,280,349,266,347,315,285,210,316,316,326,227,367,264,269,243,363,306,342,208,322,235,51
2025-04-01 16:57:53.92,open,77,118,133,202,202,232,285,246,201,242,230,333,292,331,344,271,192,257,309,331,315,361,343,419,197,274,270,340,254,333,300,257,190,296,297,308,209,350,248,253,229,349,296,332,197,310,221,43
2025-04-01 16:57:53.94,open,82,126,144,210,204,232,285,243,196,235,223,326,283,321,331,259,182,247,301,320,306,352,336,416,193,267,265,334,249,328,294,250,184,289,289,300,202,342,242,248,221,343,287,323,189,302,213,45
2025-04-01 16:57:53.95,open,97,139,152,220,218,245,299,257,210,251,239,344,302,340,351,285,204,269,323,341,328,372,354,431,213,286,283,352,267,346,310,272,201,306,305,315,217,357,254,260,236,356,302,340,206,321,233,59
2025-04-01 16:57:53.96,open,81,125,138,208,206,234,288,249,202,241,229,334,294,334,344,273,193,257,310,330,316,361,345,420,200,273,270,339,255,336,302,262,193,297,296,307,209,351,250,256,231,351,294,331,196,310,220,45
2025-04-01 16:57:53.97,open,75,121,133,202,197,229,284,243,196,237,225,330,290,328,339,269,189,253,306,326,312,358,339,417,193,266,264,332,246,326,294,250,184,288,288,297,199,339,237,245,219,340,284,321,187,300,210,39
2025-04-01 16:57:53.98,open,88,129,141,211,222,238,291,252,206,248,236,338,298,338,350,282,201,265,320,339,325,370,352,428,210,284,282,350,267,347,313,275,203,306,307,318,220,360,258,261,237,355,300,338,203,317,229,53
2025-04-01 16:57:53.99,open,78,123,138,204,205,234,287,248,202,243,233,334,293,332,344,274,194,258,310,330,316,361,344,422,203,275,273,341,257,336,302,266,196,299,299,309,211,351,248,255,230,350,293,331,196,310,222,46
2025-04-01 16:57:54.00,open,74,117,131,201,198,228,282,244,196,235,222,325,289,326,337,265,187,252,305,324,309,355,338,415,195,268,264,334,250,330,298,257,190,296,297,308,208,347,244,248,221,342,284,321,185,296,205,38
2025-04-01 16:57:54.01,open,92,131,145,214,213,241,293,253,208,248,235,337,298,337,350,278,197,261,315,334,320,365,346,422,204,276,274,342,257,338,304,266,196,300,300,311,213,354,252,257,233,353,298,334,202,314,225,56
2025-04-01 16:57:54.02,open,84,128,140,210,209,236,289,250,203,243,229,332,293,333,346,274,194,259,312,331,318,365,349,427,210,282,278,348,265,345,310,274,200,304,302,315,217,358,256,261,236,355,299,337,203,317,227,49
2025-04-01 16:57:54.04,open,82,125,138,206,204,234,288,244,197,237,224,327,285,323,334,261,185,249,299,320,306,352,337,416,194,267,263,331,248,326,293,249,182,286,286,297,200,341,240,244,220,340,286,324,191,305,215,43
2025-04-01 16:57:54.05,open,81,123,139,209,208,236,289,250,204,245,232,336,294,335,347,276,195,258,310,329,315,362,345,422,203,274,269,338,255,335,302,265,196,297,297,308,211,350,249,255,230,350,294,332,197,309,221,48
2025-04-01 16:57:54.06,open,88,128,141,210,209,238,292,251,205,245,234,338,297,335,346,280,200,261,314,332,318,363,345,424,206,276,272,340,258,337,305,267,197,301,300,312,213,355,253,258,235,354,299,338,205,317,230,54
2025-04-01 16:57:54.07,open,72,114,128,198,196,226,281,241,196,236,222,326,286,329,339,267,189,253,304,324,311,358,341,416,196,267,262,330,248,329,296,253,186,288,286,298,200,340,238,245,221,340,284,322,188,301,211,37
2025-04-01 16:57:54.08,open,81,124,137,204,203,234,288,246,201,242,229,332,291,330,341,273,194,256,306,325,312,357,341,419,201,272,266,334,253,333,302,261,193,293,294,305,209,348,246,252,227,345,290,328,193,306,216,45
2025-04-01 16:57:54.09,open,86,128,141,208,206,236,290,251,204,245,231,334,294,335,348,278,197,259,312,331,318,364,348,422,206,275,270,339,258,339,308,272,198,299,299,312,214,354,253,262,236,353,297,333,198,310,221,47
2025-04-01 16:57:54.10,open,74,116,130,197,196,226,282,242,194,233,220,325,285,324,334,266,187,250,300,318,306,353,337,414,195,266,260,331,250,330,298,256,187,289,290,302,206,347,246,252,227,344,289,326,193,306,218,40
2025-04-01 16:57:54.11,open,77,121,136,201,203,232,286,245,201,238,225,326,288,329,340,268,189,251,301,321,309,357,341,418,201,270,264,331,251,330,298,256,186,285,284,293,197,335,233,237,211,329,274,310,179,292,203,46
2025-04-01 16:57:54.13,open,88,130,141,210,209,238,291,254,206,244,230,331,291,332,344,272,192,253,304,323,314,361,348,426,212,283,278,347,268,347,315,285,208,307,306,317,221,358,257,264,240,355,302,343,212,325,239,50
2025-04-01 16:57:54.14,open,75,118,132,201,201,229,284,244,198,238,225,327,288,326,339,269,190,251,300,317,307,353,338,416,197,267,260,329,249,329,297,258,189,290,290,303,208,347,246,251,226,341,286,326,193,306,218,41
2025-04-01 16:57:54.15,open,74,115,130,193,195,222,276,237,190,227,212,315,277,318,330,258,181,243,293,313,301,348,334,410,189,258,252,320,242,322,290,246,180,280,280,294,199,339,240,243,219,333,281,318,186,299,211,43
2025-04-01 16:57:54.16,open,94,139,149,214,212,240,294,253,207,245,234,335,296,337,350,285,205,265,314,330,321,365,351,425,210,277,269,337,257,336,304,270,197,296,296,308,213,352,252,258,235,351,298,339,208,320,234,61
2025-04-01 16:57:54.17,open,78,123,138,203,201,232,285,245,200,239,225,326,286,325,339,268,191,251,298,316,307,352,339,416,198,268,260,328,251,329,297,260,189,290,289,302,208,347,246,251,226,340,287,325,194,306,219,45
2025-04-01 16:57:54.18,open,74,120,133,198,197,227,282,241,194,235,221,322,283,322,334,264,186,245,293,312,301,347,334,409,190,257,249,317,239,320,288,244,178,277,276,290,194,334,235,243,216,331,276,314,182,293,206,37
2025-04-01 16:57:54.19,open,84,124,141,208,207,235,288,251,205,243,230,333,296,336,349,282,201,262,312,329,320,366,349,424,209,277,270,338,260,341,308,276,201,298,298,310,216,353,252,258,234,347,292,333,202,313,226,51
2025-04-01 16:57:54.20,open,82,122,137,205,205,232,286,248,200,238,224,325,287,326,340,269,190,250,300,317,309,355,340,415,198,269,260,329,252,331,299,261,189,288,288,301,206,346,245,251,225,339,286,326,197,310,226,47
2025-04-01 16:57:54.22,open,68,115,130,197,195,224,278,242,193,230,216,320,283,321,332,262,185,245,293,310,301,347,333,409,191,260,253,324,246,326,296,255,186,282,283,294,198,335,234,240,214,327,273,312,181,291,204,37
2025-04-01 16:57:54.23,open,86,130,141,209,209,236,289,253,204,243,230,330,293,332,345,274,195,256,303,320,311,355,341,416,200,267,260,330,253,333,301,262,192,289,289,303,209,348,249,255,229,342,288,325,195,306,220,53
2025-04-01 16:57:54.24,open,80,123,137,202,202,232,286,245,198,237,224,328,289,328,340,275,196,256,304,322,314,360,346,420,205,274,265,334,257,337,304,268,195,292,291,306,213,350,251,256,231,345,291,331,201,310,224,46
2025-04-01 16:57:54.25,open,76,121,134,199,197,225,281,240,191,229,214,317,277,317,332,259,181,242,291,309,301,347,334,409,190,256,248,316,238,317,285,245,178,276,276,290,197,335,236,242,218,330,278,317,188,297,212,45
2025-04-01 16:57:54.26,open,85,129,141,206,205,234,289,249,201,240,226,328,290,328,340,273,193,252,300,316,309,354,340,414,198,265,258,326,251,331,299,262,190,286,285,299,206,345,247,251,227,337,284,323,193,302,217,49
2025-04-01 16:57:54.27,open,85,129,139,205,207,235,290,249,202,242,228,329,290,331,344,273,195,253,301,317,308,356,342,416,202,268,260,328,252,331,300,266,193,289,288,301,209,346,249,256,232,342,290,330,201,309,226,50
2025-04-01 16:57:54.29,open,66,113,126,195,195,225,280,242,195,234,218,319,282,322,336,264,186,244,291,307,300,346,334,409,192,256,248,316,238,318,287,249,179,276,275,289,195,332,235,240,216,327,275,314,186,293,209,37
2025-04-01 16:57:54.30,open,83,127,140,205,205,233,288,248,200,237,224,326,288,326,339,270,192,251,297,314,307,352,338,412,197,262,256,325,248,326,294,259,187,283,283,297,203,339,242,246,221,331,280,319,191,300,215,49
2025-04-01 16:57:54.31,open,79,122,137,202,203,233,288,249,204,242,227,328,291,331,344,274,197,254,301,316,310,355,340,415,201,269,259,329,253,332,300,266,193,289,287,302,210,345,246,250,224,332,281,322,193,303,222,49
2025-04-01 16:57:54.32,open,69,115,129,196,194,225,280,240,194,231,216,316,278,319,333,260,185,243,288,305,299,345,333,408,194,257,249,317,243,322,291,255,184,280,278,293,203,338,242,245,221,329,279,317,189,297,213,40
2025-04-01 16:57:54.33,open,77,121,133,201,202,230,284,245,197,235,220,321,282,321,336,266,188,245,290,306,301,347,336,410,195,259,249,316,240,318,284,243,173,268,266,280,187,324,228,233,208,316,267,307,179,285,202,46
2025-04-01 16:57:54.35,open,83,123,137,203,205,232,284,248,198,235,220,321,284,324,337,270,193,253,300,317,315,362,349,420,210,274,265,332,259,338,305,275,198,290,288,302,212,349,256,262,237,342,293,334,208,314,233,50
2025-04-01 16:57:54.36,open,76,118,132,200,200,227,281,244,196,232,217,320,282,320,333,264,187,244,288,302,299,345,332,404,192,254,246,315,243,323,291,256,184,276,274,289,198,333,240,246,220,325,275,314,188,292,211,44
2025-04-01 16:57:54.37,open,62,107,122,186,186,217,273,234,186,224,209,310,274,312,325,256,182,237,281,294,291,337,325,398,185,248,239,307,234,313,282,246,177,270,268,283,194,328,235,240,213,317,269,306,180,284,203,37
2025-04-01 16:57:54.38,open,90,132,145,206,208,237,292,253,206,244,230,331,293,331,346,281,201,256,299,312,308,353,339,410,200,264,253,321,250,329,297,266,190,283,281,297,210,344,251,256,233,333,286,328,202,308,230,57
2025-04-01 16:57:54.39,open,76,118,133,198,201,227,281,244,195,232,216,316,280,318,332,262,186,242,286,301,298,345,333,403,192,253,243,311,241,320,289,256,184,274,270,284,197,330,241,244,219,320,272,312,186,290,212,45
2025-04-01 16:57:54.40,open,72,115,128,193,195,225,280,240,192,229,212,312,275,314,328,256,179,235,276,291,289,334,323,396,182,244,234,304,233,312,280,241,172,262,260,275,189,322,231,234,209,309,261,301,176,281,202,38
2025-04-01 16:57:54.41,open,82,128,140,204,208,236,291,252,204,243,227,326,289,328,344,276,198,252,294,309,307,353,340,412,203,264,252,320,250,328,294,266,190,280,276,290,204,334,244,249,224,323,276,315,191,293,216,52
2025-04-01 16:57:54.43,open,80,122,135,198,200,228,283,243,196,234,216,316,280,318,333,264,187,242,284,300,297,344,332,405,194,255,244,312,241,319,287,255,182,273,269,284,198,331,241,245,221,322,276,317,193,299,222,44
2025-04-01 16:57:54.44,open,70,113,125,190,193,223,277,237,189,227,211,310,274,312,325,255,180,236,277,293,292,341,329,401,191,251,239,307,235,313,281,243,172,261,258,271,185,316,226,229,206,307,261,299,177,280,200,38
2025-04-01 16:57:54.45,open,82,123,136,200,203,232,286,246,201,236,219,318,282,322,334,267,189,245,287,302,300,345,333,404,195,256,245,315,245,324,292,259,185,274,270,285,201,332,242,245,220,317,272,310,187,292,214,52
2025-04-01 16:57:54.46,open,80,123,136,198,200,229,286,245,198,237,222,321,285,324,339,273,195,251,292,307,305,349,337,409,198,259,249,317,248,326,294,264,188,277,274,289,202,335,244,250,225,323,276,315,191,293,216,45
2025-04-01 16:57:54.47,open,68,112,124,187,188,219,274,235,187,224,209,310,274,312,324,256,180,236,278,292,290,335,323,396,182,244,233,304,232,313,281,244,174,264,264,277,193,325,235,238,213,312,265,304,179,284,204,38
2025-04-01 16:57:54.48,open,84,129,141,204,205,232,285,247,198,235,218,318,283,322,336,266,188,245,288,304,301,347,335,405,194,255,244,314,243,323,290,258,185,274,271,285,199,331,239,245,220,320,273,314,189,293,214,49
2025-04-01 16:57:54.49,open,82,122,137,203,205,234,287,249,201,238,223,321,284,323,339,268,190,246,288,303,301,347,335,409,197,258,249,317,246,325,294,263,188,278,276,292,206,338,248,251,224,323,277,317,194,299,221,52
2025-04-01 16:57:54.51,open,68,116,129,194,195,225,280,241,192,229,213,316,278,316,330,259,184,238,281,296,293,339,326,398,186,246,236,307,234,314,282,244,175,266,262,277,191,324,233,235,210,311,266,305,182,286,205,40
2025-04-01 16:57:54.52,open,81,121,138,201,202,229,286,245,196,235,219,321,284,322,334,266,189,244,289,303,301,347,333,405,193,254,244,314,242,323,289,254,181,270,267,283,196,330,238,242,217,316,270,310,186,291,213,48
2025-04-01 16:57:54.53,open,86,126,142,206,206,233,289,248,201,240,224,323,288,325,339,269,192,249,292,307,305,351,337,409,198,260,249,319,249,329,296,261,187,274,270,285,200,332,242,245,222,323,278,321,202,308,234,51
2025-04-01 16:57:54.54,open,73,118,131,195,195,224,278,241,192,228,213,315,280,317,330,260,184,241,284,299,297,344,332,403,192,253,242,313,241,321,289,254,181,273,269,283,197,331,238,241,216,315,269,307,184,288,208,39
2025-04-01 16:57:54.55,open,77,122,136,200,198,226,281,243,195,232,217,318,283,321,333,265,188,244,286,300,297,341,328,398,184,244,233,303,229,308,275,235,168,259,256,273,186,322,230,232,206,307,260,301,176,281,200,44
2025-04-01 16:57:54.56,open,80,121,133,200,201,229,282,246,200,237,224,324,289,331,347,281,202,258,302,317,316,360,346,415,206,268,257,326,254,334,300,272,196,288,285,302,216,349,257,260,235,333,286,326,201,305,225,50
2025-04-01 16:57:54.57,open,80,124,137,203,201,230,285,245,195,232,217,320,282,320,332,261,185,242,285,302,299,345,336,404,193,255,243,312,241,322,290,253,181,272,269,283,196,330,238,243,218,318,271,310,186,289,210,45
2025-04-01 16:57:54.59,open,44,112,125,192,192,222,279,238,189,226,212,313,276,314,326,256,180,237,280,294,291,338,325,400,186,249,238,309,237,317,284,246,177,267,264,277,190,324,234,237,210,310,262,299,176,278,198,33
2025-04-01 16:57:54.60,open,91,136,149,214,214,241,298,256,208,245,232,332,292,329,345,273,195,251,293,307,305,350,338,411,202,264,253,321,250,330,298,270,194,285,282,298,212,345,252,257,233,331,284,323,200,305,227,56
2025-04-01 16:57:54.61,open,74,120,134,197,197,228,283,243,196,234,218,317,281,320,333,262,187,243,286,303,300,346,333,405,194,256,244,313,242,323,290,255,182,274,270,285,198,331,239,244,219,319,272,312,189,293,213,45
2025-04-01 16:57:54.62,open,75,116,130,197,197,225,278,241,193,228,212,312,276,315,327,254,178,235,277,293,290,338,326,398,185,246,236,304,233,312,281,245,174,266,263,276,189,322,232,235,210,310,264,304,181,286,208,42
2025-04-01 16:57:54.63,open,88,130,142,206,210,237,292,252,208,244,228,329,290,331,345,274,197,254,297,311,308,354,341,412,202,263,251,319,248,328,296,266,190,280,276,288,202,334,242,248,222,322,275,314,189,294,216,53
2025-04-01 16:57:54.64,open,77,120,134,201,200,228,282,245,196,234,219,321,283,321,335,267,190,246,289,303,300,346,333,404,193,258,245,314,242,322,290,258,185,277,274,290,206,339,249,253,228,328,281,321,196,302,223,47
2025-04-01 16:57:54.65,open,70,114,129,196,195,223,277,241,193,228,212,313,276,317,332,260,185,242,285,299,296,342,330,401,187,247,235,302,230,310,277,240,171,264,260,274,189,322,230,234,209,308,262,301,177,280,201,40
2025-04-01 16:57:54.66,open,85,128,141,205,203,232,286,246,197,236,221,323,284,323,336,269,190,248,290,304,302,348,336,409,198,260,250,318,246,325,292,259,185,276,273,286,202,334,242,246,220,318,273,312,189,294,216,51
2025-04-01 16:57:54.67,open,80,122,136,202,205,235,288,250,204,243,227,326,289,328,342,273,194,250,293,307,304,349,337,410,201,262,251,320,249,328,295,264,188,280,276,290,204,337,245,248,221,320,275,314,190,294,217,49
2025-04-01 16:57:54.68,open,64,114,127,193,194,224,278,241,193,229,213,313,276,315,328,254,179,235,277,293,290,336,325,400,187,250,239,309,237,317,285,249,178,269,265,280,193,327,236,240,213,312,264,301,177,281,203,35
2025-04-01 16:57:54.70,open,81,122,136,202,203,232,285,247,199,237,221,321,283,325,338,266,190,248,291,305,302,348,335,406,196,259,248,317,244,325,292,257,185,274,270,284,199,332,242,245,219,318,271,309,186,291,212,50
2025-04-01 16:57:54.71,open,84,126,139,202,203,232,288,247,198,237,222,323,285,323,337,269,193,249,291,306,304,348,336,410,198,262,251,321,250,330,297,265,190,281,276,290,205,337,246,252,225,325,278,318,194,298,220,50
2025-04-01 16:57:54.72,open,72,118,132,197,196,226,281,241,195,230,214,314,277,316,331,256,181,238,282,297,293,341,328,400,187,250,239,309,236,315,284,249,178,268,264,277,192,326,236,239,213,313,266,305,182,288,209,43
2025-04-01 16:57:54.73,open,76,117,133,200,201,228,282,245,198,234,220,322,283,322,335,266,189,246,289,304,301,346,333,405,193,254,243,312,241,321,289,254,181,272,268,282,197,331,240,246,220,318,270,308,184,286,206,49
2025-04-01 16:57:54.74,open,83,126,139,205,206,235,290,249,202,240,225,325,288,326,339,273,195,252,294,308,305,352,338,410,198,260,249,317,244,324,292,258,185,277,274,290,207,342,251,260,237,337,291,333,208,313,235,53
2025-04-01 16:57:54.76,open,71,116,130,195,195,226,282,242,194,233,217,316,278,320,333,260,185,242,285,301,298,345,333,404,193,256,244,312,241,321,289,254,181,271,267,281,195,328,236,242,216,316,268,307,185,289,210,41
2025-04-01 16:57:54.77,open,76,120,132,198,200,229,285,244,197,235,219,320,282,320,332,260,184,239,280,294,289,333,323,396,182,244,234,302,230,310,278,243,173,265,262,276,190,322,230,233,207,307,260,300,176,281,202,46
2025-04-01 16:57:54.78,open,80,123,138,202,207,237,292,254,209,249,234,334,296,336,352,281,202,258,300,315,312,357,344,414,204,267,256,326,255,336,304,278,200,289,284,298,212,345,252,254,229,326,277,318,195,300,221,45
2025-04-01 16:57:54.79,open,75,120,131,196,201,229,283,242,196,234,217,318,280,320,334,262,186,245,287,301,298,345,333,404,193,256,244,313,241,321,288,253,181,273,269,283,197,330,240,242,217,315,269,307,187,291,212,44
2025-04-01 16:57:54.80,open,51,115,128,194,193,224,279,240,190,226,210,313,276,315,328,256,181,240,281,297,293,340,329,401,189,250,238,308,235,315,283,248,177,267,262,275,189,321,228,230,206,306,258,297,174,278,197,36
2025-04-01 16:57:54.81,open,91,133,145,209,211,238,292,251,204,242,227,324,287,325,340,269,193,250,292,307,304,351,339,410,202,265,253,322,251,331,299,273,197,288,282,296,210,341,251,255,232,330,282,322,200,302,225,59
2025-04-01 16:57:54.82,open,76,119,131,197,200,229,284,243,196,234,219,320,282,321,334,265,188,245,288,301,297,343,331,404,194,257,246,314,242,321,289,255,182,273,268,282,197,330,240,244,220,318,270,310,187,291,213,45
2025-04-01 16:57:54.83,open,74,116,129,196,196,224,278,240,191,227,211,310,274,314,328,252,179,236,278,293,289,334,324,397,187,249,236,304,232,312,278,245,175,266,262,275,190,322,233,236,213,313,266,306,184,287,208,42
2025-04-01 16:57:54.84,open,86,129,141,207,210,239,293,253,206,245,229,329,290,330,345,274,196,253,294,307,304,349,336,410,202,264,251,318,248,325,291,261,186,278,273,286,202,333,242,245,222,321,274,312,190,294,216,57
2025-04-01 16:57:54.86,open,76,118,133,201,202,230,285,248,200,236,221,321,284,324,338,263,188,244,288,301,298,345,331,403,195,258,246,315,244,324,291,266,190,283,278,292,208,340,248,251,226,324,276,318,195,298,219,45
2025-04-01 16:57:54.87,open,70,115,128,193,195,225,280,241,193,232,218,318,280,320,332,260,185,240,280,293,289,333,322,396,184,246,235,302,230,309,277,242,173,265,261,275,189,322,230,233,206,305,258,297,174,278,200,38
2025-04-01 16:57:54.88,open,81,123,138,201,202,232,288,248,198,236,221,323,285,324,337,268,192,248,289,304,301,347,334,404,196,258,246,314,242,322,290,259,185,274,270,283,199,330,238,245,221,320,272,310,189,292,213,50
2025-04-01 16:57:54.89,open,82,125,141,205,206,236,291,250,203,242,226,325,286,325,340,268,193,249,291,304,301,348,334,406,200,260,248,316,245,323,291,262,188,277,272,284,201,332,241,246,221,320,273,313,192,294,216,53
2025-04-01 16:57:54.90,open,68,114,129,193,193,223,280,238,190,227,211,312,274,312,324,252,179,236,277,292,289,336,324,400,190,252,241,307,236,316,282,250,178,267,263,276,192,323,233,234,209,306,259,298,177,280,202,37
2025-04-01 16:57:54.92,open,77,121,138,202,201,229,285,246,198,235,221,322,284,322,336,266,190,248,288,301,299,344,330,402,194,258,244,313,242,321,288,256,182,272,268,282,197,330,241,242,218,315,269,309,187,290,212,49
2025-04-01 16:57:54.93,open,80,123,136,204,203,233,285,248,200,236,221,324,286,324,338,268,193,249,291,304,301,346,334,405,200,262,249,315,245,324,291,265,189,277,272,284,202,334,246,250,224,321,273,314,193,298,221,51
2025-04-01 16:57:54.94,open,74,116,129,195,197,226,278,241,195,228,212,313,277,315,328,254,180,236,277,292,290,334,323,395,186,246,234,302,232,313,280,248,177,265,259,273,190,323,232,238,213,311,264,304,182,286,208,42
2025-04-01 16:57:54.95,open,78,122,136,201,202,232,286,245,197,236,220,320,282,321,334,262,187,243,283,297,293,339,326,400,192,252,239,307,237,316,284,255,181,272,265,278,196,326,236,238,212,308,259,298,175,277,197,46
2025-04-01 16:57:54.96,open,83,126,140,203,205,235,289,250,203,241,225,323,285,325,340,268,193,249,288,301,298,342,330,402,195,256,242,308,241,320,288,264,190,282,278,293,218,345,254,258,234,329,282,323,202,305,228,52
2025-04-01 16:57:54.97,open,70,115,130,195,196,226,281,241,194,232,214,315,278,317,330,259,187,241,281,294,292,338,326,398,192,251,237,305,236,315,282,251,179,266,259,272,191,322,233,238,214,310,265,303,184,286,210,41
2025-04-01 16:57:54.98,open,78,124,136,201,200,229,283,244,196,231,213,313,276,314,324,250,176,230,270,284,281,326,317,388,181,242,227,295,227,308,276,241,172,258,251,264,183,314,226,230,205,301,254,292,174,277,199,45
2025-04-01 16:57:55.00,open,84,131,146,211,212,241,296,256,208,245,232,331,292,329,341,273,197,251,290,305,302,348,337,406,206,266,251,318,250,329,296,272,193,278,269,281,202,330,241,246,222,317,270,309,192,293,217,52
2025-04-01 16:57:55.01,open,73,115,130,196,198,228,282,242,195,233,219,316,278,318,330,258,186,241,279,292,290,334,323,395,192,251,236,302,236,313,280,252,178,265,257,273,193,322,235,236,212,307,260,300,182,286,209,45
2025-04-01 16:57:55.02,open,57,114,128,194,192,220,278,237,189,225,210,311,274,312,323,253,181,237,275,288,285,331,317,389,185,244,228,297,229,306,273,240,170,256,248,262,182,309,222,224,201,297,250,288,171,271,194,38
2025-04-01 16:57:55.03,open,88,131,144,207,206,234,287,248,201,238,224,323,284,323,334,267,193,249,286,299,298,343,330,401,202,262,245,313,248,325,292,269,192,276,267,281,203,331,245,248,225,317,270,309,191,292,218,57
2025-04-01 16:57:55.04,open,74,117,133,201,200,226,281,243,196,232,217,316,280,318,329,257,186,241,278,292,289,334,321,390,190,249,232,300,234,313,278,251,178,262,254,269,193,320,235,237,214,305,259,298,180,281,205,46
2025-04-01 16:57:55.05,open,70,117,130,194,192,221,275,236,188,224,210,310,272,309,321,248,177,232,268,283,281,327,316,384,184,241,224,290,224,305,271,241,171,257,249,262,186,315,230,231,209,298,253,291,173,272,195,37
2025-04-01 16:57:55.06,open,86,129,145,210,209,236,289,252,205,242,225,324,286,325,337,264,191,247,284,297,294,339,326,394,195,253,235,303,237,315,281,255,181,266,256,271,193,317,234,237,216,307,261,301,186,284,211,57
2025-04-01 16:57:55.07,open,76,121,136,202,200,228,283,245,197,233,220,317,278,315,330,255,185,238,275,289,288,333,322,392,195,253,236,302,239,317,285,264,188,270,259,274,197,320,237,242,219,308,262,301,186,285,211,45
2025-04-01 16:57:55.09,open,69,116,131,196,195,225,280,243,194,230,214,315,276,313,322,248,176,230,266,279,276,322,309,379,179,238,220,288,223,302,269,241,170,252,242,256,178,302,219,223,200,291,245,285,170,269,194,38
2025-04-01 16:57:55.10,open,77,121,136,203,202,230,283,245,200,236,221,319,281,322,332,259,188,244,279,292,289,332,322,388,193,250,231,297,234,313,277,252,179,264,253,268,192,315,232,234,213,304,258,298,182,281,208,49
2025-04-01 16:57:55.11,open,87,129,142,209,208,235,286,249,203,238,224,320,283,323,334,260,189,244,281,294,292,337,324,391,195,252,234,302,236,314,280,255,180,264,254,270,193,318,235,237,215,305,261,301,186,286,212,52
2025-04-01 16:57:55.12,open,68,114,128,193,193,221,275,235,189,226,211,308,270,309,321,249,179,234,269,284,281,326,314,385,187,245,226,293,227,304,270,242,171,255,245,258,182,306,222,223,201,293,248,286,170,269,194,37
2025-04-01 16:57:55.13,open,82,126,140,205,203,229,284,245,198,235,220,321,282,320,330,259,188,242,278,291,289,333,320,389,190,250,233,300,234,313,277,251,179,263,253,268,192,317,233,234,211,304,257,297,181,279,202,48
2025-04-01 16:57:55.14,open,82,125,138,206,205,233,285,246,201,239,222,322,284,324,334,262,190,245,285,297,296,339,325,394,197,257,240,306,239,317,283,258,184,268,260,274,197,323,238,240,217,309,264,305,188,289,212,51
2025-04-01 16:57:55.15,open,70,116,130,195,196,224,275,239,193,229,213,311,273,313,323,249,180,235,274,287,283,328,314,387,187,246,228,296,228,306,273,244,173,258,250,265,188,316,230,232,208,301,255,294,177,281,204,42
2025-04-01 16:57:55.16,open,79,125,138,203,203,230,283,243,200,235,220,320,283,321,329,258,186,242,280,293,290,334,320,390,190,251,234,302,235,314,280,251,178,262,252,265,186,313,227,226,200,292,244,282,163,264,186,45
